"gp","CD4.A","CD4.B","CD4.C","CD4.D","CD4.E","CD4.F","CD4.G","CD4.H","CD4.I","CD4.P","CD4.Q","CD4.R","CD4.S","CD4.T","CD4.wM","CD4.wN","CD4.wZ","CD4.X","CD4.Y","CD8.A","CD8.B","CD8.C","CD8.D","CD8.E","CD8.F","CD8.G","CD8.H","CD8.I","CD8.J","CD8.K","CD8.P","CD8.Q","CD8.R","CD8.T","CD8.wM","CD8.wV","CD8.wY","CD8aa.A","CD8aa.B","CD8aa.C","CD8aa.D","CD8aa.E","CD8aa.P","CD8aa.wM","DN.A","DN.B","DN.C","DN.D","DN.E","DN.H","DN.I","DN.J","DN.P","DN.wM","gdT.A","gdT.B","gdT.C","gdT.D","gdT.E","gdT.F","gdT.G","gdT.H","gdT.I","gdT.K","gdT.P","gdT.Q","gdT.R","gdT.S","gdT.T","gdT.U","gdT.V","gdT.wM","gdT.Z","Treg.A","Treg.B","Treg.C","Treg.D","Treg.E","Treg.F","Treg.P","Treg.wM","Tz.A","Tz.B","Tz.C","Tz.D","Tz.P","Tz.wM"
"GP1",-0.0272061117756007,-0.0424420272870752,-0.0529390014913267,-0.0481373223673868,-0.0273771319684398,-0.0264554059835881,-0.0125957670384514,-0.038283240827919,-0.0203976971802032,0.0649996946255146,-0.00333660207725828,0.0395491688832427,-0.0309578147641958,0.000312700518903808,-0.0891893577178951,-0.113307176286903,0.0248657674315291,0.0669569218861685,0.125537642494744,-0.0445891645245514,-0.0523782634721831,-0.0119770078264814,-0.0217738390311794,-0.0345762579256496,-0.0478726262096509,-0.0252092169334459,-0.0153913559374451,0.00308462947026572,0.0152850735705655,0.0692522713424738,0.0474320519115572,-0.00234242120412292,-0.00327289147983378,0.00321952713287255,-0.0844325022786921,0.0116209182332345,-0.0261467886689246,0.00296484085194498,-0.0138599714473969,0.122561262743794,0.0799606532197276,0.0722497915610584,0.0720145367358505,-0.0414356821861705,-0.0108452662367555,-0.0194136182332549,-0.0162986202928343,0.0120854142459774,-0.0120221794652133,0.000810139348498884,-0.0196160231808545,-0.0281490117679716,0.0548071461629276,-0.0371153508977465,0.0389545790116421,0.119086065550688,0.125178563863242,0.082474895332922,-0.00565114598971544,0.0454461365897115,-0.0204196462072591,-0.0499373668519378,-0.0188940558418338,-0.0202842254044835,0.0830986209649106,-0.0270369150739804,0.0426320947611731,0.0346951079792985,0.0611222684118742,-0.0557910647776687,-0.0421339748962713,-0.0364222375306288,0.002132322986515,-0.0562348381286266,-0.0500320425387557,0.00215837197867375,-0.00457105970120891,-0.00268228814833649,0.00179845493973718,0.0602617109293356,-0.059605291501791,-0.0149195046841889,-0.0104574177117642,-0.0466455731771911,0.0354919825256273,0.0454618445680057,-0.046501808631971
"GP2",-0.0322467399365644,-0.0275623359434953,-0.0051832247629185,-0.0227773408350806,-0.0114308305921047,-0.0237027441464214,-0.0309753098572276,-0.0223628858021368,-0.0168072572644987,-0.0313221349396178,-0.0327422175604542,-0.0415952573523922,-0.0373545023442357,-0.035336236030103,0.310462482805257,-0.0458290356094061,-0.0415327284645395,-0.0375899781335071,-0.0227758188920788,-0.0223322681076493,-0.0316912121771655,-0.0239502189630721,-0.0321328398580268,-0.0288121550752141,-0.0242671507464173,-0.0402994184714661,-0.0371011788455561,-0.039461736620761,-0.0390395285862855,-0.0436761689299297,-0.0185035780810462,-0.0382090519043306,-0.0370493967256198,-0.0353200695637375,0.346507289222881,-0.0431308307215738,-0.0385635413085543,-0.0372139453941483,-0.0380170815874799,-0.038758919055437,0.00318525741723985,-0.0397269815523439,-0.0364907664293314,0.327210431921917,-0.0230497549288071,-0.030464607370371,-0.0416216065800663,-0.0375956980992005,-0.038481624460626,-0.0399886289085103,-0.0406525870207975,-0.0348216112728919,-0.0342380093212205,0.367240878536013,-0.0383090340341526,-0.0395356557751062,-0.0386214809635403,0.000731237477130248,0.148106137366375,-0.0398596751889721,-0.037776355286209,-0.0325870146472513,-0.0325992018171555,-0.0181091608578993,0.014771401976103,-0.0382377572620617,-0.0348962020408712,-0.0394333868529814,-0.0364386623639227,-0.0405798571608471,-0.0346396348850973,0.340247507703389,-0.041688703929931,-0.024365237162771,-0.0160685674793658,-0.0296732608649744,-0.0325291540140589,-0.0359369613180226,-0.032111699254231,-0.0363222889825061,0.311363478155428,-0.0325538884072599,-0.0368187972914728,-0.0302345052371326,-0.0282183650437875,-0.015401647252899,0.327508797927169
"GP3",-0.0507810491804941,-0.0507583639655659,-0.0507169351311684,-0.0507320854325154,-0.0507752691077579,-0.0506318494508821,-0.0507275359517225,-0.0503768832692729,-0.0499777307028847,-0.0460432218837537,-0.0314476154613222,-0.0505575105262534,-0.0503566409412427,-0.0501835396220161,-0.0501506545152592,-0.0508064451924333,0.044591100308226,-0.0503533852923358,-0.0370049665723391,-0.0507710735796217,-0.0507512450001648,-0.0498369589599489,-0.0503709385611865,-0.0506468126751189,-0.0508064191295289,-0.0506047332050545,-0.0390306665376755,-0.042624204221398,-0.0497893174126938,-0.0442865192719306,-0.0449932608516058,-0.0207087582920306,-0.0161361783007341,0.0113879851737439,-0.0499675964471476,0.0107535901027864,-0.0491290299013696,0.0260734169022913,-0.0476143676466732,0.350434976782145,0.336722347285573,0.0925068858939845,0.076392469964134,0.0816293546879064,-0.0490541249238451,-0.0489214258505535,-0.049647328200102,-0.0454995141091162,-0.0386221115220247,-0.0111347855999667,-0.0440023467420333,-0.0489264466363492,-0.0138227769363065,-0.0431382817062421,0.170219102689189,0.359614635072069,0.343862447391635,0.335537510294732,0.18137806237844,0.193303966251999,-0.0479365650151549,-0.0487752329713671,-0.0307491032134444,-0.0491692765839461,0.207453924670827,-0.0506919180987756,-0.0499129413020932,-0.0498059243054663,-0.0468418227201293,-0.0491739024556292,-0.0506460501644546,0.0680207501409814,0.296196416509412,-0.0506096844356285,-0.0506939351072906,-0.0503651916366354,-0.0483538601829112,-0.0501135370838557,-0.050626743124017,-0.0500759277265903,-0.0496631780479137,-0.0487109527519277,-0.0440318368572144,-0.0501589794615828,-0.0501314793541495,-0.0496629191890432,-0.0459590762912115
"GP4",0.0263170440440721,-0.0253852310156149,-0.025655067552115,-0.00846025698849126,0.011665699080043,-0.00782439442385485,-0.0116896673957065,0.0334576777565802,0.0120528511786523,0.0319999473455169,0.0154006114646266,-0.0218977224456764,-0.0254097102376816,0.0436026456620647,-0.024340592538897,0.239917090265453,-0.0425554786458999,0.000834227775709323,0.0120737516524024,-0.0117443506062419,-0.0386895357675399,-0.0145011402258625,-0.0123305144239318,0.00466633526205257,-0.0256089847149041,0.0261610604667088,0.00712311761098969,-0.00584291775650086,0.00389829004984868,0.00735321887696111,-0.00884925554196561,-0.004897720851056,0.0187495295992124,0.00177884447855037,-0.0473068745009527,-0.0609228672527002,-0.0574586736078552,-0.00114271145215541,0.0188456653528783,0.00768133648400296,-0.0551851161301139,-0.0180882568668488,0.0458464181914615,-0.0252440832850015,0.00786277248423656,-0.0264923421352341,0.0348685967356209,-0.0304770721626527,-0.0234200004034128,-0.00387540346951215,0.00286371899442561,0.00407685336038555,0.017010226633118,-0.0679476079242262,-0.0191979660022116,0.00359527573152463,0.0133048285324615,-0.0617386677403932,-0.0451793316898152,0.00780528551537155,0.00330930470736177,0.033941220523149,-0.000751418997969849,-0.0100944834605058,0.0466929961911552,-0.0156218293998175,-0.046422809795599,0.0882427093638264,-0.0107787300291156,0.0749597557767606,-0.00181198144372002,-0.0021592887917968,-0.0167035336807139,0.00741964429105388,0.000143380814654204,0.0328118238087288,0.0258803004935048,0.0221454611865791,-0.0225582321051012,-0.0120106890139398,-0.0250957347686493,0.013887678515001,0.0115459373751187,0.0289634501870227,-0.0347312181360261,0.0387216977107023,-0.0313788161515716
"GP5",-0.0164156326158963,-0.0163897093150934,-0.0160296446495072,-0.0163414765748147,-0.0157667263532719,-0.0156828409645656,-0.0144274966446285,-0.0135981465310799,-0.0113167525371633,0.190996552445969,-0.0133922966614468,-0.0116103489064342,-0.0162658747664166,-0.0156883723325234,-0.0158923219332033,-0.0162174771878304,-0.0116839801142059,-0.0160576289185332,-0.0154011969083097,-0.0161700939261596,-0.0163113720941001,-0.013783835783615,-0.0151373489283856,-0.0146700128817205,-0.0147190116094148,-0.01616257848106,-0.0154449047377201,-0.015953072155092,-0.0155066998388366,0.0655285284673039,0.173198047089292,-0.0158442164917186,-0.0158138380712928,-0.0140806908602623,-0.0156578067445499,-0.0109425871979155,-0.0159716306713343,-0.0162849883178689,-0.016284100133835,-0.016344369410831,-0.0158117020124468,-0.0162840344255831,0.0899393555462196,-0.0159654496637454,-0.0160116598489389,-0.0145774179138245,-0.016287250114987,-0.0159793385070521,-0.0164393025353624,-0.00927362148496702,-0.0162568441005088,-0.0159900305727123,0.240967296603958,-0.0149479836600795,-0.0156439600524941,-0.0164411076672088,-0.0162023366751044,-0.016389134267868,-0.011971007194281,-0.016290963646968,-0.0163000088984445,-0.0164574787342152,-0.0161341491871929,-0.0162138978757897,0.0927435987167666,-0.0163421696968829,-0.0156009907591624,-0.0163460439817697,-0.0155838133626073,-0.016134460046159,-0.0159782759914049,-0.015092095120223,-0.0161273501002125,-0.0162850806068718,-0.01609691193592,-0.0149017145828398,-0.0161545792194559,-0.016251722647515,-0.0162355873087,0.18973366921453,-0.0155005284219845,-0.016094713773186,-0.0162094542111213,-0.0161707410115016,-0.0161648487072562,0.177009604332732,-0.0157158096415861
"GP6",-0.0623839299261526,-0.062239833128799,-0.0623263399699971,-0.0623865597293634,-0.0622572527677633,-0.0568661591193511,-0.0409373449973466,-0.0433684478935337,-0.0294860795793179,0.0353264688474093,0.0380506166343606,-0.003905121949596,-0.0425254546951761,0.207282020348571,-0.0536888565697447,-0.0620107568142756,-0.05380395864682,0.280983279037932,0.498706702636135,-0.0623558672920389,-0.0621192741774333,-0.061326392541661,-0.0604393644744068,-0.0620712944259467,-0.0622669474729669,-0.051662936132011,-0.0404148726951642,-0.0382974654462291,-0.0332706240430448,-0.0198918668549156,-0.041707289114924,-0.0157805018280099,-0.0235105156934799,-0.0611174282174564,-0.0595708392378988,-0.058658487849785,-0.0540125100907608,-0.0616174590436444,-0.0559776969693846,-0.0597212680778259,-0.060970258946554,-0.0600518947488511,-0.0591125960602524,-0.06049383626794,-0.0559133644278536,-0.0551866319017034,-0.0621035142558399,-0.0615306023682344,-0.0105517140658515,-0.0449706134677265,-0.0571290949289051,-0.0369113789725415,-0.0517244416367984,-0.0506096432922652,-0.0481456420844443,-0.0601145644688338,-0.060470643557526,-0.0607543477314345,-0.0534547759815577,-0.0616821715891047,-0.0600947374494979,-0.0547545250221062,-0.0612121215737464,-0.0620262027515983,0.0106919452043716,0.109642108816003,0.358156853641671,0.321454388267288,0.369043837301566,0.242981432151776,0.176485162131928,0.000766442612883181,0.036439819154883,-0.0571320362545866,-0.0240644294635175,0.0320313345768055,0.144678472418573,0.189371965016709,0.030289653320219,-0.00469159929123943,0.00362293619330888,-0.0451200106362304,-0.0571510463260297,-0.0570388275588806,0.18316316329785,-0.0227234905364995,0.0526991534741328
"GP7",-0.000882467050546077,-0.000900113231750066,-0.000802865293480493,-0.000899780078486971,-0.000871683052793843,-0.000918788097756103,-0.00086078992845021,-0.000940154626766477,-0.00047293390675507,-0.000687069259678865,-0.000938605875695303,-0.000968138570877604,-0.000968133393536699,-0.000666476167712563,-0.000736792263507046,-0.000968135532044196,0.000230541503342048,-0.000901211510937692,-0.000850553914622634,-0.000797499119698084,-0.000903621619245713,-0.00089428564767781,-0.000890729161166097,-0.000830059146000237,-0.00091521811743874,-0.000968134794701264,-0.000853434798743358,-0.000968139301064562,-0.000936629716138778,-0.000880325009532069,-0.000636265038014913,-0.000869055748387008,-0.000834248933551092,-0.00074817176597633,-0.000612597901535825,-0.000808684417330244,-0.000968137129300228,-0.000749980770884801,-0.000734186789132987,-0.00074286477873392,-0.00071411759613181,-0.00076153132377783,-0.000806176857125519,-0.000894107529078914,0.000365441351964678,0.000601100726191241,0.000403561364923057,-0.00068136802228927,-0.000300545835643504,0.00370246036778313,-0.000653520221981078,-0.000681409488825405,-0.000771552637110611,-0.000418450399492193,-0.000477172382644819,-0.000703652900244406,-0.000932986385223965,-0.000418899560440997,-0.000731237538841994,-0.000754306601506658,-0.000859042515315093,-0.000911085275898329,0.000273537574672246,-0.000201686652887649,0.0143711694903537,-0.000897856485016411,-0.000731022470186921,-0.000721311761915374,-0.000947589378855835,-0.000766359270324467,-0.000880248623227596,-0.000228093599644401,0.0422921396878276,-0.00083347643423575,-0.000850871333659395,-0.000884232818684014,-0.000866262755319944,-0.000934481239886649,-0.000902608116352953,-0.000933466913603371,-0.000703679651710823,-0.000835935478285699,-0.000919500343495186,-0.000964703295218126,-0.000859743835306399,-0.000733498188917023,-0.000395198889099227
"GP8",-0.0066563759775381,-0.00664665897127369,-0.0066467280407656,-0.00665895246822365,-0.00665895328273373,-0.00665895215555226,-0.00664465959276865,-0.00657933853385821,-0.00652883997584594,-0.00661196432933514,-0.00654997223003215,-0.00665895215214278,-0.00665895066821063,-0.0062821946100848,-0.00654279775829426,-0.00665895107094699,-0.00665895257063462,-0.00654920272310219,-0.00611185285652136,-0.00665853461938688,-0.00664956646133001,-0.00665895318823022,-0.00664581994796121,-0.00665895165761519,-0.00665895177784149,-0.00665895170039629,-0.0066201021453772,-0.00665895101711868,-0.00665895198174696,-0.0066589528250031,-0.00656939838211394,-0.00635936030698605,-0.00658870017292731,-0.00591457842549368,-0.0065970122753745,-0.00642913313395659,-0.00665895152556775,-0.00650361324191473,-0.00648022074253318,-0.00665895202995114,-0.00661879251431399,-0.00635188190255272,-0.00646019917694859,-0.00665895167598692,-0.00662593816175153,-0.00662506483535178,-0.00665895210815989,-0.0065219522294152,-0.00192935534897234,-0.00556710171739497,-0.00665895172583109,-0.00665895284952364,-0.00544854141913918,-0.00591473095786473,-0.00665275536102755,-0.00663144891423556,-0.00665895184689668,-0.00640080145601624,-0.00468766251445504,-0.00637904307348222,-0.00628076444853169,-0.00665895230648401,-0.00627767617666976,-0.00665895282515213,0.128656981045999,-0.00665894715444609,-0.00571453323745283,-0.00657105372575117,-0.00625269517509766,-0.00533475199989189,-0.00660276525954679,-0.00496753010110147,0.414302794226222,-0.0066462980005603,-0.00665235561165944,-0.00665894996356361,-0.00663819155024371,-0.00646537749652761,-0.00662461046905047,-0.006658948271181,-0.0063936119319478,-0.00662899910984026,-0.0064621815607821,-0.00662853087743248,-0.00605027002467382,-0.00665895282347185,-0.00479398785515082
"GP10",-0.0145905360534177,-0.0145460481787122,-0.0144583267097631,-0.0146053447134488,-0.0146462198759289,-0.0145858933868561,-0.013231266593701,-0.0136124148534631,-0.014009111522059,-0.0084679178372491,-0.0130159215261264,0.0371954317165987,0.218182200869357,-0.0132094673928881,-0.0134874535323055,-0.0146249767150753,-0.00741941086163804,-0.0145984517309588,-0.0101691006051791,-0.0144956663258469,-0.0145229666491807,-0.0145718992111312,-0.0138913881918325,-0.0104961166741813,-0.0094087252635358,-0.000771587576566018,0.184050255216367,0.308485523855866,0.0428840356543839,0.0733428864052912,0.0232757411157585,-0.00896940645538884,-0.000694280711182845,-0.0140733154309752,-0.0105365059557704,-0.00938384096272542,0.0126866724004068,-0.0143011243392097,-0.0140677103342508,-0.0128086039632404,-0.0137192943305098,-0.00536094667351115,-0.00962351746974738,-0.011958126104166,-0.0141105661467382,-0.0134572621342973,-0.0113895251647866,-0.0106155609851709,-0.0139114733550096,-0.00973015809918446,-0.0120773401526929,-0.0117994072457923,0.0137559219239942,0.0187346823961577,-0.00654848969817032,-0.0136678806260513,-0.014325294271314,-0.0139461179650387,-0.0129918904845821,-0.0143584948865722,-0.00927121301665526,-0.0125795372392806,-0.0143943357877962,-0.0109890004617319,-0.011019876831243,-0.0138766805034698,-0.0140644224201527,-0.012512893815352,-0.0132934346389007,-0.0140585478399614,-0.0124774700240668,-0.0090060963145823,-0.0125759282721675,-0.0143704868166023,-0.013991427974811,-0.0136305449480908,-0.0108108429288962,-0.0128868698501041,-0.0130668875056433,-0.0140782434147438,-0.0127046521225849,-0.0133096654300885,0.000729001044300752,-0.0145679146620912,-0.0140976096083465,-0.012827272791656,-0.012998151452339
"GP12",-0.0257496490453836,-0.0240783465150903,-0.0228321639032414,-0.0243096379537122,0.0163415687735623,-0.00106231034612636,0.0475162756613629,0.181211376748352,0.174814226712506,0.00480690102482673,0.0103595728070601,0.00999275771580548,-0.00425052462253404,0.0111634721926204,0.00107019351477787,-0.0118209120636596,-0.0207459193139178,0.0113995282177096,0.00728206108965681,-0.0220910359156924,-0.0210144972313162,0.0381536220557096,-0.0101406258807845,-0.0253712142421687,-0.0291720118397875,-0.0149533300981826,-0.00506942624809796,-0.0157492796799793,0.00165544074499747,-0.0177143527928572,-0.010605323754586,-0.0151831611164194,0.00467769207594004,-0.0121908269513768,-0.010342254585651,-0.0248078183601204,-0.0251274855940806,-0.0144057574841118,-0.017364355184798,-0.013790917116543,-0.013157113802473,-0.0273765841100937,-0.015300795379892,-0.00861258643734283,0.0533165919635973,-0.013254986442178,-0.0213496844164094,-0.0178080157561995,-0.0195758866742313,-0.00696839385680351,-0.0209698297216264,-0.00179853141806315,-0.00657148060696783,-0.0037805868215989,-0.0267117085549783,-0.0171241384794647,-0.0175953714185239,-0.0154841552423346,-0.00889438832038031,-0.0153169221544062,-0.0226277227094969,0.00227243839227268,-0.0180380279799423,-0.00561360505167185,-0.0156351191884884,-0.0219637991495464,-0.0176799050434093,-0.0194900532339382,-0.0153974917583928,-0.0162968176018295,-0.0186353608612338,-0.0054512977893004,-0.0150069810013322,-0.0137232482907189,0.122714941207716,0.0576249092556997,0.035808823589864,0.0085805150779111,0.0281182623315375,0.0373492772216801,0.0499015017486013,-0.00228235253076612,-0.0246761886572652,0.0225044479444702,-0.00211337874816188,0.010209674429905,0.0033795745515391
"GP13",-0.0240061680730165,-0.0239405391373019,-0.023986031188982,-0.0240426001018745,-0.0240363657495284,-0.0236189345323723,-0.0194588022095922,-0.0234518186446459,-0.0234897470949801,-0.0103785140917449,-0.0139819618124135,-0.0213280192400768,-0.023711491060549,-0.01202898818799,-0.0233306815635372,-0.0240527227338115,-0.0212277352199378,0.022208050462191,0.104695724973938,-0.0239622405799177,-0.0238692980197496,-0.0237686181190741,-0.0239440170888463,-0.0239663676904474,-0.0240527228480435,-0.022550621197289,-0.023730501171623,-0.0240527237667645,-0.0231329837859822,-0.023086035622457,-0.0229238326192231,-0.0204430425178906,-0.0236436845987433,-0.0238639214452171,-0.0236391600325623,-0.0216125101718491,-0.0237270515780269,-0.023771008004999,-0.0237539316986043,-0.023922416898299,-0.0239046209902301,-0.0231631163453348,-0.0230581901430623,-0.0240527179432768,-0.023882951347029,-0.0238425344625433,-0.0239327795846803,-0.0237412701137995,-0.0232959499789168,-0.0236388369767173,-0.0237800313006657,-0.0173669700853501,-0.0203972795985762,-0.0235532665566175,-0.0239542255395118,-0.0239792733851651,-0.0239323568518654,-0.0240183626043019,-0.0193841900915646,-0.0240190723140661,-0.0236947137397386,-0.0211158276188674,-0.0237326241220882,-0.0238588125160034,0.007470269653115,0.179525827960481,0.146636213124131,0.276032002031466,0.175875182421401,0.250823079958397,0.254156302629079,0.0366493008961481,-0.0230984171665098,-0.0238686122030749,-0.0235262368621202,-0.0232575597651256,-0.0213206565853202,-0.0145064665879424,-0.0224364425700885,-0.022295063529552,-0.0223662932676164,-0.0219705813709631,-0.0234639135997205,-0.0208517097894459,0.160056380802323,0.000350032483682584,0.0532713702090629
"GP15",-0.0246090056793026,-0.0347464538797452,-0.030046523335258,-0.0328440153660229,-0.0443816432642613,0.142708445494522,-0.0272112526667609,-0.00343655759469728,-0.0086672401408194,0.0419045356787251,-0.0300019016357429,-0.0211080426660514,-0.0352272605111768,-0.00758456128797365,-0.0272581783172962,-0.0271270135479693,-0.0263106559474472,-0.0162345653548177,-0.0260144663871521,-0.0127469194099299,-0.0288983556279363,-0.0357030823406995,0.225761322990846,0.0270457291074465,0.0913883872915551,0.00188130586527531,-0.0281535751398697,-0.0325336849238338,-0.0241882082463518,0.0152649363851742,0.0762720686922515,-0.0227532079838141,-0.0184353506926392,0.0101754260033829,-0.0215839933413321,-0.0215138210759237,-0.0352277076756539,-0.00727421358138249,0.00633288028442236,-0.0234528804996567,-0.0352094281662203,-0.033445367027846,0.0890977366773936,-0.01707052523361,-0.00226894422981569,-0.0032576344268388,0.016410958168388,-0.0150214902474863,-0.0235593223900633,0.176066434042574,0.00577404073529997,-0.000887815085267765,0.036231746852043,-0.00752378021085885,-0.0337151117906383,-0.0256338162676875,-0.0248591640310586,-0.039240365770416,-0.0311744076962218,-0.00770162893931751,-0.00616562836143128,-0.0240359434006001,-0.00828192416000001,-0.027794942541155,0.0503205930487905,-0.0164086747926742,-0.00544764194579939,-0.0240528372002361,0.0166573765881598,-0.0400957492186373,-0.0324969594220487,-0.0225698465262239,-0.0306961402595208,-0.00961481862815203,-0.00489010246138742,0.228931143739085,-0.024868023384588,-0.0201144241489801,-0.0400725531558563,0.0780044681054835,0.00625129903195766,-0.0191794913313292,-0.00546470209224627,0.000147730275293342,0.0157040532328121,0.0573238092527206,-0.017562884877871
"GP16",-0.0156008642165596,-0.0158903103852967,-0.0130118828209326,0.147064487531624,-0.00734904435788984,-0.0108659221834451,0.00191268469727932,-0.0118268055717356,-0.00831110103275795,-0.0080730445124775,-0.00757518646594816,-0.00590752235025573,-0.0170426514525187,-0.0169817221659944,-0.0048717646454831,-0.0167322990335798,-0.0148971710391636,-0.0144920919527186,-0.0155530817597171,-0.00273917588929093,-0.0166313543205949,0.00260910671510345,-0.00814897834015729,-0.0151130845076289,0.215032425574841,-0.0123029977830873,-0.00941468906159816,-0.0156141542494055,0.0127341479314896,0.0012727771872161,-0.00524918804508653,-0.00844925537378724,0.0481739869393832,-0.0178493755583087,-0.00154208055105376,-0.0143204961230407,0.062968640107848,-0.0184762830958896,-0.0132988887426125,-0.0195021160717871,-0.0190488398110012,-0.0172934089684746,-0.0189681397392558,-0.0151061024920913,-0.013241023726773,-0.0177985778794861,-0.0185852077198337,-0.0185263607014077,-0.0190216128415422,0.00412897951623122,0.167639405374954,0.246821285494295,-0.0184888506997244,-0.0130283178321293,-0.0173145834306683,-0.0192864546750391,-0.0195126075081166,-0.0186900215733987,-0.017619956012974,-0.0182348284154554,-0.0088426641474305,-0.0080893455189033,-0.0138562399346177,0.0079292104787038,-0.0185855123595857,-0.00639679191215782,-0.014132922942556,-0.0144078043062079,-0.0191928327590352,-0.0195323078156392,-0.0152313643253696,-0.0114326190644272,-0.0189771147195052,-0.00361689888479626,-0.0119813675286129,-0.00709217736339255,-0.0069578205006595,-0.0100046802705208,0.0195040290942273,0.0207729209797375,-0.0052337101823657,-0.00995219228910942,-0.00945642472625053,-0.00845899366073048,-0.0118474610172767,-0.012071368876799,-0.00981399482980987
"GP17",-0.00226891143728969,0.000931341340604328,-0.000883987872124282,0.000529857893904234,-0.00112475292565089,-0.00221431573041897,-0.00365021068615136,0.000584494743667906,-0.00118687225034475,-0.00151833745958381,-8.49730381334395e-05,-0.00561025012463193,-0.00484070700519233,0.0057039396449251,0.000314680349136686,-0.00448544643944181,-0.00387273610694887,0.00065905858366264,0.00403644506220019,-0.00234672902388023,-0.0024700213111306,-0.00221693111975054,-0.00175041591430355,-0.00295273986996264,-0.00118028811748804,-0.00368603892295719,-0.0029551253974566,-0.00638136934038253,-0.00549803766724605,0.00187590465897348,-0.00161878085768752,-0.00392549696287038,0.000593132594205025,-0.0033375527207331,-0.00411371660988538,-0.00527787778275401,-0.00251742810574846,-0.00334663270664095,-0.00259274136956067,-0.00410676786133538,0.00421727920334289,0.00180553667961185,-0.000438146557289205,-0.00609573372120055,-0.00221787610867033,-0.000461506731408552,-0.00138674002192014,-0.0021022066752828,0.00221600804779288,0.00109102979070021,-0.000856406524147927,0.00799662749033294,0.000354398562338785,-0.000339032969079122,-0.00405949840054939,-0.00392441931409714,-0.00348313333325193,0.0044956555802943,0.00284998511330193,-0.00353946748135223,-0.0020849019643807,-0.00197834375288013,-0.00189909164818506,-0.00261196888051982,0.00135574464035869,-0.0066471936581844,0.01520039932888,0.0407431458143375,0.00847540718176609,0.0169013723043683,0.00139230285534809,0.00378839184952445,-0.00292302804391074,-0.000587539557925617,-0.00205673083792827,-0.00187718784035146,0.00251909599872505,0.00697358440994876,-0.00352129002082159,-0.00657939706807031,0.00841378872963606,0.00245857897139227,-0.00305144366721469,-0.00352621261553849,-0.0035498234100895,0.000981324799336651,0.0163560013193194
"GP20",-0.0103600447893104,-0.0103564509190859,-0.0101894237072508,-0.0103699512941181,-0.0103492604615371,-0.0100035116444751,-0.00921449757227022,-0.00790175420791443,-0.00666451631041707,0.112694709309515,-0.00874316155767495,-0.00300671969198806,-0.010369951940624,-0.00957977539463197,-0.0102467640986084,-0.0103699529348835,-0.00933410917646639,-0.01012881770006,-0.0101712071630332,-0.010197050824777,-0.0102967333630669,-0.00837256786186853,-0.0102196072013971,-0.010079085083907,-0.00992606691122253,-0.0103699544209024,-0.0102026582776959,-0.0103699508455697,-0.00988464079986367,0.119926149972131,0.0952358755469945,-0.0103461326221877,-0.0102590677683883,-0.010369953046767,-0.0101168626664759,-0.00955865553204441,-0.0103699556311883,-0.0103155613681133,-0.0102964102857992,-0.0103063815229734,-0.0101148207203493,-0.0102591215852743,0.0484418163648377,-0.0103699491892327,-0.0100623711775643,-0.00982870591450242,-0.0103140468275402,-0.0102797391525401,-0.0103699486602086,-0.00855981484865325,-0.0103699527895552,-0.00989987932316445,0.13943612176525,-0.0100088003737456,-0.0100994943219718,-0.0103699523376992,-0.0102816864411614,-0.0103522404041456,-0.00861054234565127,-0.0103235396377187,-0.0103646650877255,-0.0103699518545662,-0.0101552523107128,-0.010336770688933,0.0604507813645304,-0.0102326161135671,-0.0098507630699207,-0.00935350793968367,-0.0103699430675672,-0.0102572130122007,-0.0100489683301238,-0.0100057540216483,-0.0102262068450311,-0.0102929705080647,-0.0102943321546538,-0.0100856970867466,-0.0102562310430012,-0.010369941377078,-0.0103209170849002,0.116509504069039,-0.00992522995128606,-0.0102448670888537,-0.0102172318045521,-0.0102182112899362,-0.0103262806006745,0.0913076851558059,-0.0101873485674409
"GP21",-0.0220431725081827,-0.0219762575171426,-0.0216172411378118,-0.0220240459126987,-0.0193299801712731,-0.0188939516134871,-0.0201273523634054,-0.0188655394893607,-0.0181459099651106,0.239516610053739,-0.0183347409428435,-0.0167310812430579,-0.022086499251265,-0.0186949646262859,-0.0212516116265339,-0.0216508125906663,-0.0162490115381279,-0.0204788450987334,-0.0181185288352058,-0.0216563905350413,-0.0218728301328831,-0.0191564109139764,-0.0149490445186969,-0.0157794847185033,-0.0163545196005577,-0.0204953596269247,-0.0191698707016925,-0.0194367797226477,-0.0194874500040538,0.0289342745615336,0.23462169078599,-0.0201737477478687,-0.0196227628527543,-0.00945176681566716,-0.0207840148420754,-0.0153363012122186,-0.0220895032815005,-0.0213765149412512,-0.0201412453110781,-0.0216733149251029,-0.0205786412446029,-0.0214599156734584,0.158068267249564,-0.0193939594703577,-0.0218315234394991,-0.0188361633655685,-0.0208553963777103,-0.0206087487752506,-0.0215845539065647,-0.00628000474267532,-0.0204595685284903,-0.0174083155977916,0.276512686916012,-0.0189505614371039,-0.0198669912438693,-0.0217137571332979,-0.0205686899634353,-0.0215923171861892,-0.01499800355128,-0.0205665802552645,-0.0213171010135047,-0.0218620371456522,-0.020931219525747,-0.0213544110271692,0.127031627604617,-0.0210589570523252,-0.0190690691943354,-0.0172091954585933,-0.0185287124980885,-0.0212116290782967,-0.0213863368341855,-0.01816413452483,-0.0209963462766033,-0.0217089308528121,-0.020894070085145,-0.0140075227257853,-0.0214300340901148,-0.0215144024443626,-0.0217010815818036,0.235363779527884,-0.0209885188634558,-0.0207528341042534,-0.020862019338678,-0.0209892032105099,-0.020588265460908,0.251827886471711,-0.0201702400557953
"GP22",-0.038963645963569,-0.0389868533903279,-0.0388556462530446,-0.0390420369189916,-0.039031780291444,-0.0388090241264099,-0.0366067726506489,-0.038576044483772,-0.0385673338834246,-0.0328042197444257,-0.0361103288252025,-0.0370699694793173,-0.03514869182522,-0.0371938987270105,-0.0365306941686569,-0.0389685692762212,0.092403104572875,-0.0390206013826151,-0.0368515454542476,-0.0386903294512402,-0.0388275825077335,-0.035319151559891,-0.0358949666363238,-0.00737743959497383,-0.0304907315576043,-0.0272049143428402,-0.0199033964880875,-0.0158773213582815,-0.0313439802064645,-0.0347712920349376,-0.0162597858629965,-0.0135167839146076,-0.0323647280218638,0.0393073209951664,-0.0327117846577896,0.102217372082064,-0.0201863583488144,0.0691047753642171,0.146785636127953,-0.0168882332855135,-0.0221265271885762,0.234358879404646,0.0504683079557617,0.0544214654890328,-0.0350337933808671,0.114506882315558,0.140613304354603,0.238581147744611,0.201115626237669,0.0898541771057843,0.149305960741428,-0.00233898767503916,0.0853410099282981,0.204227371730776,-0.0343187373609736,-0.0302017582753911,-0.0372827976133424,-0.0337088746107645,-0.00288755749047369,-0.0300185675310608,0.0525402568355667,-0.024158577333865,-0.0250158061545854,-0.0297320270002242,-0.0286071860445232,-0.0388859629911203,-0.0388732261410316,-0.037142218819788,-0.0368304268710863,-0.0380297634920416,-0.0386508020387413,0.00335242074550969,-0.0372231048992633,-0.0386511835631297,-0.039088133614471,-0.0390489319738011,-0.0388912724125431,-0.038778597274694,-0.0390689219067305,-0.038653579568559,-0.0385610856388537,-0.0017937397322158,0.0666139493506862,-0.0337254144765742,-0.0382158912534133,-0.0204870674185432,-0.00432201066140527
"GP23",-0.015357243926517,-0.0284420656773748,-0.0244628283451806,-0.0265767597666173,-0.0306989068053224,-0.0130091248010243,-0.000327346914572452,-0.0192062548435528,-0.0196925030153149,0.00990126685174541,-0.00381592114506102,0.0215486189562506,0.00298044083045245,0.0187018133346954,-0.0236049657223104,0.00176034099006069,-0.0139849182441321,0.0494171460088466,-0.00497958986950923,-0.0197022181995457,-0.0159156698657033,-0.0251871322128471,-0.0135867638242908,-0.0259603126793079,-0.0277502063516317,-0.0196012676078955,-0.00648544299577763,0.0195192918973114,0.00558298031922391,-0.00709350220869843,-0.002282166570983,0.00757294348732127,-0.0187355726350202,-0.0219955127062831,-0.0163995309991568,-0.0140561637452838,-0.0306699028987666,-0.0218962441349479,-0.0162301612044401,-0.0187479873744857,-0.0365586901196537,-0.00929777706058253,-0.0189137911896053,-0.00870032916362505,-0.0105888709276035,-0.0107411646664637,-0.0244465444749048,-0.0161401349085325,0.0208061982446251,-0.010708817764471,-0.0108487828276543,-0.0172086124657868,0.00110921013936998,-0.00586924091913122,-0.0172387722831771,-0.0207347015588834,-0.00915954697117675,-0.0349063517274927,-0.025795766626725,-0.0222940441114595,-0.0195209015919505,-0.0137927331871454,-0.0215481342957973,-0.0091364740988115,0.00937964323335814,0.0830007596300555,0.21652868390336,-0.0190056658420887,0.193723575552949,0.00649615693955562,0.0579266184431649,0.00557179702406097,0.0121908974371361,-0.0150134725657832,-0.0154884262032249,0.00777229527724,0.0272070949703854,0.0485539536215019,0.0339211110925835,0.0337637968979531,-0.0128962016771332,-0.0129637806728738,0.00334654261486051,-0.00586491240928019,0.0862343635665847,-0.000527504704002695,0.0178467930419215
"GP25",-0.0694675178981725,-0.0774967205483086,-0.0731051305701633,-0.0790168614125464,-0.0726422480624623,-0.073983357323209,0.0440037095333941,-0.00666896330732447,-0.0185695306155172,0.104919894022075,0.0243889629476197,0.231105292502425,0.0276284993681869,0.0656020656065771,-0.0455291618841908,-0.014721396753465,-0.0458698212832238,0.0348834183240093,-0.0266788962703566,-0.0633757156375584,-0.0658456981610675,-0.0472883443299615,-0.0627055523237075,-0.060730524674766,-0.0692368205535452,-0.00842408274064829,-0.024671339584132,0.0374032483154202,0.121053185859677,0.232302312175469,0.0720789154106561,-0.00257615749516497,-0.00948915675269765,-0.0361004573445409,-0.039777177266073,-0.0618377696564656,-0.0488296237610859,-0.0453161423400021,-0.0247810344828662,-0.036333590289123,-0.07063803076039,-0.0284449640708513,0.02465131861148,-0.0521709413381474,-0.0572254764671776,-0.018353779296325,-0.0473607005615691,-0.0178693786237923,-0.00777328815318112,-0.0302019638715223,-0.0173389799190954,4.10359556591161e-05,0.00394842069333365,-0.0487279541422179,-0.0363060122773325,-0.0420296326176297,0.0216763921408467,-0.0673030602919364,-0.063233811996918,-0.0383432964082898,-0.0339275339028,0.00733520348805557,-0.0360085686866455,-0.0310210906607597,0.0328592858516326,0.0543926821342142,0.0900347279426043,0.00287026405354039,0.105645034202497,0.0868345321113162,0.121695595462102,-0.0428076578392107,0.00777673067313672,-0.0551910277803002,-0.0267228032077321,0.0348511177520755,0.0461074654852685,0.0805034688356369,0.137019286451322,0.190052510029603,-0.057380994294842,0.0010228486851301,0.0360836551645444,0.0175473477569212,0.0932389503486926,0.0945885028318625,-0.0486961402359716
"GP26",-0.0528833759459627,-0.049395387983706,-0.0502105056560866,-0.0511484097832291,-0.037511347650618,-0.0389942666049316,0.010915893717527,-0.0176172607153474,0.0371076982231125,0.0197422250039983,0.12868036932984,0.092480636905479,0.096963442988532,0.00406308817687202,-0.0254457578869041,-0.0630259130441111,0.0222023270974786,0.0144212898816291,0.00967115865984197,-0.0432409100452042,-0.0486681295282629,-0.00910639763848373,-0.0278498586722866,-0.00724794878581336,-0.0033139746877838,0.0797946543747541,0.0602204626992863,0.0419109839271012,0.0783090538518109,0.0121098619454952,0.0184963552417417,0.165904662950606,0.148613197994344,-0.0120998942874516,-0.00958508469228225,0.0431334026878784,0.0971060283128462,-0.0158335354192966,-0.0357493902438839,-0.0235446176984071,-0.0241240077821033,0.0649758158643016,-0.0408374089195624,0.00652999083782985,-0.0181202444466055,-0.0507222022714337,-0.0279800538987877,-0.0215581864719873,-0.00773813681262611,-0.0320874373341551,-0.0255154330149875,0.0253046315266592,-0.0382980963012117,-0.0224561480461172,0.0252674763434163,-0.0176642537152842,-0.0434969155375498,-0.0195332373876696,-0.0129167951636237,-0.0164314682443491,-0.00164896596931359,-0.00298245009218484,-0.0101998772895782,-0.0472064768108631,-0.0327628817398682,-0.0314097092318561,-0.0364904986055081,-0.000174509125544869,0.00153988050438597,0.0290395224258911,-0.00172957311980175,-0.00215349609901581,-0.00413863506061321,-0.044248118961597,-0.00749234029055701,-0.0243986486811797,0.00732205048716521,0.0106048738064584,-0.0279166994936352,-0.0358826177502744,-0.00752819339616409,0.050543736993741,0.0164452695751144,-0.0528408659941244,-0.0288266891043167,0.0103822539485953,0.0121809428503719
"GP27",-0.0150879019333389,-0.0150543827274277,-0.0150434750379457,-0.015090599681727,-0.0149926289298029,-0.0130711541069391,-0.0134757757684972,0.00330508854730781,0.00507059530176355,-0.0006266508810012,-0.00676204254678446,-0.0113646257964982,-0.0150901316443556,0.0139606368339592,-0.0078551115008924,-0.0134477235345808,-0.0117713734379326,-0.00433625613015064,0.0601619171630931,-0.0150712397271638,-0.0150254678323288,-0.0147445835237844,-0.014325954569866,-0.0150813693119991,-0.0150900560373439,-0.0150897701660461,-0.0148493329825788,-0.0146449395620479,-0.0142213643238075,-0.0121123478749599,-0.0131703138944819,-0.0138810694209845,-0.0140033009889805,-0.014670804175424,-0.0148370422669525,-0.0150897947857586,-0.0150902020765301,-0.0149579857087332,-0.0144265072898557,-0.0149997646430856,-0.014996538771907,-0.0149732420520699,-0.0146066900124316,-0.0143219022596803,-0.0143312821380828,-0.0143702292993317,-0.0150455213524825,-0.0149847188739955,-0.0109772085167353,-0.00884920867493242,-0.0138941982117733,-0.0135976931822164,-0.014329906518299,-0.0122716374171799,-0.0150250275386512,-0.0150155478218666,-0.0150053483633279,-0.0149984423609095,-0.0130891952436908,-0.0147302113086868,-0.0148735401116386,-0.0143738310445927,-0.0150479012678932,-0.0149865332379925,-0.0120479610272844,-0.0145952523189337,-0.0130256693124803,-0.0108638650727749,0.0123172156468184,-0.00994833478322782,-0.0119638369178922,-0.0117166259978437,-0.0131354534323372,-0.00893300241953144,0.0626570385780075,0.148438671048272,0.266667277303583,0.189001355165252,0.0931062589412773,0.0825376965055204,0.0695194570696469,-0.0146275533613218,-0.0150896885963822,-0.0147966041663915,-0.0132950063158862,-0.013904882067212,-0.0116508719140469
"GP28",-0.000533899844063375,-0.000527882406846768,-0.00055773861428519,-0.000577581512329157,-0.000502564846389419,-0.000287783771487265,0.000213077978557542,0.0167971788823027,0.0219389349216277,0.000129447545199532,-0.00047975718750068,-0.000501779741823485,-0.000580935688527793,-0.000548003729608107,0.000167720664630515,-0.000580936151674679,-0.000580937761268555,-0.000560204971999708,-0.000311644096245556,-0.000555357247067132,-0.000561305386974015,-0.000431449076616168,-0.00057554698666958,-0.000554363775803705,-0.000580937514994035,-0.000513551924744758,-0.000528791189944018,-0.000580936548964451,-0.000536646994652709,-0.000565983614413356,-0.000572586002364473,-0.000537208454464013,-0.000580937201754392,-0.000580937133290165,-0.000554658070023436,-5.29428472108836e-05,-0.000580937002899702,-0.000550359977738557,-0.000580937483562525,-0.000549741172449558,-0.000580803683884519,-0.000580934926266105,-0.000580936854255694,-0.000580934643792128,-0.000184674738251769,-0.000537427491605005,-0.000546417964941212,-0.000580937336755651,-0.000580935883857159,-0.00050330289779943,-0.000580937259976637,-0.000580936261686052,-0.000495025487257574,-0.000568621289585671,-0.000580938337869178,-0.00057645616581949,-0.000580936957084704,-0.000578665289021839,-0.000486184221526835,-0.00057280485257424,-0.000448407277166048,-0.000580936969830318,-0.000580937868081067,-0.000580936627945044,-0.000362460015017449,-0.000514475120889604,-0.000580934879213297,-0.000562409889430204,-0.000580894259355722,-0.00055717602002714,-0.000580937242880872,-0.000495450261987213,-0.000337432383238179,-0.00053430759120458,0.0013154835608761,0.000182399680044115,-0.000580932094961348,-0.000564447110559075,-0.000495731934332354,0.000888383603575155,-0.000349389786859352,-0.000579095195226819,-0.000580937037017757,-0.000442196530416442,-0.000572500315520608,-0.000472189343117841,-0.000580932608072801
"GP29",-0.0794680521835649,-0.075526489111993,-0.0759695836137279,-0.0767115216213528,-0.0631735659895318,-0.0753621396988508,-0.0725097006668525,-0.0472259996770345,-0.054876841958479,-0.0550521567895441,-0.0119118389564464,-0.0724318697507165,-0.0631333070088805,-0.0571313819062756,-0.0637059825038625,-0.0831554534019335,0.0304206418400193,-0.0641274361318108,-0.0571003191447092,-0.0657633344735883,-0.06595636276311,-0.0417544184386995,-0.058007177279678,-0.0592836264601641,-0.0606291244831984,-0.0530488518263941,-0.0425691953834246,-0.0474046342976454,-0.0550957521283569,-0.0539391135555937,-0.0465962308772396,0.0286293138047022,-0.0217511842203534,0.326022228344513,-0.0484140926019421,0.0150596961753112,-0.0542133743687877,0.353723421249802,0.0747282958305877,0.0363351620425395,0.015974417170412,0.0783274724283835,0.124441591422665,0.187116966050592,-0.0354859379760737,0.0687675401985963,-0.00431161616316246,0.035033546349453,0.105176023097218,0.0598343279177464,0.047590243545384,-0.0222772897048794,0.0926100913162825,0.0473685935304288,0.133181610534889,0.032311566669362,0.0505690309672357,0.0258797463052157,0.102152171733552,0.258169600278761,0.0188539200159956,-0.0068685841129799,0.410597826942298,0.0300728727870375,0.0464905867328633,-0.0546127935751396,-0.0534319950301955,-0.0150651660444349,-0.0487696365654471,-0.0602606575031879,-0.0654178662365071,0.124646843144956,0.0139930408423831,-0.0693930739888023,-0.0389682634526309,-0.0646183857707911,-0.043623042493123,-0.0464401941272869,-0.065426075442422,-0.0730109739191099,-0.0465033488656001,-0.0190758964781239,-0.034022943128283,-0.0531905000088585,-0.0450819521454512,-0.0430429932132279,-0.0421790900497258
"GP30",-0.0568832321631922,-0.0548312588703395,-0.0568694112277116,-0.0544983872233656,-0.0504238696218546,-0.053006338359329,-0.0250163205911734,-0.0324020327007029,-0.0343248273589746,-0.00171842774387326,0.0245310901844189,-0.016499673585547,-0.0092966344360542,0.0332999834101668,-0.0332081226115008,-0.0529290086685302,0.0132131825342134,-0.0397349611896278,-0.0441630101312489,-0.0555360140664159,-0.0568194902387273,-0.0433410828751059,-0.051545087629495,-0.0101053819208514,-0.0086091156103266,0.00642149972323894,-0.0178316934501215,-0.0360791191489711,-0.0311287473639236,-0.0272692174942954,-0.0337719944978809,0.0155443010144874,-0.0186578258817887,-0.0384841175856336,-0.0298026628158602,0.00457584580633856,0.0362662471597862,-0.0347059140008498,-0.0136913355181032,-0.0353563120567163,-0.0354901887382049,0.0908932967138174,-0.0323133846400967,-0.00162266861030516,-0.046224608187672,-0.0272121721216767,0.0116899988008481,0.055043584554238,0.0100658845484284,-0.00833144779936922,0.0261345506669426,0.288359595404123,-0.0190357339036713,0.0718776498436498,-0.0414494545864415,-0.0318221282491324,-0.0535055414316507,-0.0348570660766725,-0.0211162784573941,-0.0447704419628352,0.0530201318931362,0.165631961632148,-0.0261405306613839,-0.0323614127907548,-0.036317554581096,-0.0177337183034123,-0.0323031086402184,0.0317292927796381,-0.045119337077735,-0.0330958980852464,-0.0428830544485836,0.00773255622434049,-0.0421078179744725,-0.0449881308607916,-0.0340331573676263,-0.046728071317429,-0.0194867393155811,-0.0226412007356424,-0.0419184090058321,-0.0491459489539509,-0.0307338389863794,0.328355300922585,0.182992277581614,0.100888201948965,0.0661196101324661,0.195818665258284,0.333824963771475
"GP32",-0.0745932226812878,-0.0501669454876937,-0.0613852022288115,-0.0598987895731849,0.0323377215873583,-0.0320832818415736,-0.0245445132784671,-0.038016721200095,-0.0242536552683091,0.00792812995682657,-0.0154716672814392,0.157960347600011,-0.0403953446703036,-0.0238717863483574,-0.0580604682053881,-0.0835290497699406,-0.0508091992902534,0.0678088152517523,0.132024413448397,-0.0575043784232498,-0.0585393612642067,0.0827184187441418,-0.0295640023119258,0.0358000260060417,0.036256093191778,0.0123385170023647,-0.00300529193778606,0.153406657230351,0.215390496258415,0.172655989380889,0.0875124607694134,0.00815471509082816,0.0298207293147006,-0.0306991755251955,-0.0348076299430033,-0.0666713927921955,0.148557093823797,-0.0443236041606107,0.0427229568330292,-0.0115468488373498,-0.0619443387151413,-0.0633873367929928,0.00406782015185436,-0.00790336770257949,0.0386561525397046,0.0474186951825822,0.0228497713480828,0.0312363448575786,0.00655626117569211,0.0338045864434235,0.0347564963844086,-0.0456453427665401,-0.00457516549897236,0.0603811530384857,-0.00248212655425195,-0.0212450159788666,0.0902963614986838,-0.0603366039145181,-0.0507703844822223,-0.0427699948000916,0.0432486092487283,-0.0509176749378075,-0.054541739256354,-0.034784725497357,0.00285371017973793,-0.0878897272592586,-0.0855824403036651,0.0727451687398068,-0.0141248804937427,0.00126205991405801,0.00392924976938322,-0.0153130735861346,-0.0534827603199324,-0.0445940443822095,-0.0413707727217895,-0.000625178650984465,-0.00563450225761183,-0.0209421496391148,0.0346102175766592,0.0642270484928487,-0.0453059853197122,-0.0313483413045024,0.00564886842087217,-0.0324773758132863,-0.063051000325105,0.00325197095669771,-0.0084065458140091
"GP36",-0.00639662658964634,-0.00638032110520951,-0.00639218576527373,-0.00638921510775372,-0.00641974940698756,-0.00517077310983546,-0.00586102784956579,-0.00555232866406967,-0.00528382418260038,0.0243443613452295,-0.00113197871902316,-0.00514718187242325,-0.00641975029903885,-0.000181110369929852,-0.0061952202359051,-0.00641975046629499,-0.00597165591351632,0.0354504075084955,0.3199860413977,-0.00639435096757278,-0.0063508929443879,-0.00634926838838404,-0.00626486199584462,-0.00640077671704016,-0.00641975031382354,-0.00641323345615506,-0.00633333898924874,-0.00641975029316357,-0.00636445412162791,-0.00550388114302435,-0.0061947899690679,-0.00499091337485368,-0.00632515011982318,-0.00641975011087723,-0.00634816585171609,-0.00619425750929974,-0.00641975049986587,-0.00638525281602645,-0.00638799267880768,-0.00634881478950202,-0.00631349817394211,-0.00638058249105282,-0.00641974996833163,-0.00641974991776168,-0.00625650578901129,-0.00634348463076672,-0.00628067724807588,-0.00635278121867617,-0.00618707267760626,-0.00630770066507573,-0.00641975037780221,-0.00618336521350838,-0.00605180570199819,-0.00629336962338486,-0.00637018531105428,-0.0064117923352724,-0.00641975027496911,-0.00636903543596563,-0.00628712949815799,-0.00640394960007807,-0.00636102333829055,-0.00639311071063447,-0.00637264882594197,-0.00641303073678803,-0.00433416834789149,-0.00439823198485229,0.0104937383732806,0.0117596358406999,0.0307420875036223,0.0228449522210626,0.00234933470853624,-0.0038217737981548,-0.0063523009905916,-0.00637380440264747,-0.00576464138600684,-0.00498474473695839,-0.00501915992318197,0.000645376570261412,-0.00603000596938433,-0.00554139245403518,-0.00595098631060682,-0.00634451744230465,-0.00641975028624664,-0.00637953008299054,-0.00246760850394024,-0.00565208028530368,-0.00422739209245902
"GP37",-0.000403993934749563,-0.000408131702015619,-0.000421998831091648,-0.000432845556248445,-0.000432795668050255,-0.000435072579695229,-0.000285029306385446,-0.000363992595004539,-0.000415664978259478,8.85762117085879e-05,-3.85731389972864e-05,-0.000274287296213402,-0.00043507020130856,-0.000398579926481799,-0.00035180538654932,-0.000430487986501887,0.00741651288785362,-0.000435074572134438,-0.000435069654067407,-0.000405225441101456,-0.000413212201622164,-0.000414723583723397,-0.000406411093678665,-0.000387763546869342,-0.000395292352981701,-9.4231546288059e-06,-0.00011529335685779,-0.00012348129884678,-0.000350291762870455,-0.000392171192868096,-0.000371385749804092,0.00151087043473357,-0.000172090449829701,-6.33629731289947e-05,-0.00035687385404595,0.0111303581625612,-0.000399021792839575,-0.000187594679957257,-0.00036216965282332,0.000331998159444993,-0.000321295692839642,0.00628222302149778,-0.000179501023751801,0.00060169048823313,-0.000389755525001538,-0.000429854348663154,-0.000363972743763858,-0.000104541106773849,-0.000341568823529403,-0.000339928227930171,-0.000435063693029041,-0.000435079879576043,-0.000298802141749022,-0.000380707884482595,-0.000300246824813065,-0.000386048370645735,-0.000403379907975858,-9.6487027427656e-05,-0.000420019372394268,-0.000431623706401705,-0.000351923031930032,-0.000215827726065376,-0.000399559264194558,-0.00041879313569565,-0.000401289852689688,-0.000435082093182083,-0.000417035361366846,-8.70699561364306e-05,-0.000430017091786452,-0.000251378768089676,-0.000402390264232521,-0.000145026568672107,-0.000434953392815744,-0.000399156548126203,-0.000432451350225337,-0.000394179085456007,-0.000319303144514607,-0.000435059059510043,-0.000421169166680395,-0.000424271050694961,-0.000417334929735324,-0.000227209884958612,-0.000336682846105722,-0.000406113367023858,-0.00010665813615861,-0.00043507565669109,-0.000435080880314677
"GP44",-0.000730498289074748,-0.000588063865306241,-0.000681546529844481,-0.000751834034643297,-0.000543598154733397,-0.000391808926935946,-0.000396378959966645,-0.000200172796444004,-0.00036479076391571,0.00160937874278341,-0.000554120393577898,-0.000648372119620451,-0.000728358110069567,0.00181481963389065,-0.000838798729901934,-0.000762579487317312,-0.000572046045134029,0.00126289792958137,0.0124405566578088,-0.000679287199409281,-0.000502132474138105,-0.00036643051300469,3.56925057713384e-06,-0.000559085136389303,-0.000709390129634237,-0.000625027790715741,-0.000641617140563315,-0.000670285387835812,-0.000645579437533293,-0.000325667911736987,0.000662859959301467,-0.000519548033305858,-0.000688171598890536,-0.00058744070698623,-0.000792927169016524,-0.000613241976095665,-0.000697635258670706,-0.000684426012098022,-0.000733437225058726,-0.000799222680660344,-0.000588880673777791,-0.000581627216834924,0.000212348066086623,-0.000744863373956492,0.00309487842461629,-0.000452787968314165,-0.000767606944809597,-0.000727841456776147,-0.00072214658849572,-0.000481722492745765,-0.000785392073005592,0.00375773761610992,0.000835903590870434,-0.00056659847781626,-0.000785570617772483,-0.000809423564935841,-0.000673271993702549,-0.000607237198091847,-0.000373784605186179,-0.00064965845912831,-0.00067925772916559,-0.000674198074018044,-0.000565356261362714,-0.0005776499140692,0.000888364866426897,0.000355502201256012,0.000296151541218329,0.0095477178084294,2.49917452747384e-05,0.000539763407819002,-0.000447611663709318,-0.000457506447812664,0.000438262036470607,-0.000553848762290764,-0.000566209336870205,4.94296056699488e-05,-0.00025639735952399,-0.000124838433667014,-0.000637679005873446,0.000889108060044914,-0.000721678146111218,-0.000576888045542298,-0.000812851915227848,-0.0002980293894202,-0.000110524258116638,0.000836079609918752,-0.000587861317794609
"GP49",-0.020968799854018,-0.0107326820227927,0.0650764516260752,0.00681116633699436,0.024597086203209,-0.0164913260953828,-0.0122010276133162,0.0141397833128485,0.0119755943030304,-0.0443829370369924,-0.0246768964501963,-0.0190299859639607,0.00200561621402026,-0.0043984060939623,0.00270988134599887,0.174819169149121,-0.097488726250293,-0.0242006119380098,-0.0767650267147057,-0.0045550752484689,-0.000631380649925406,-0.0127572824667958,-0.0365421856867857,-0.00125595634961823,-0.0104748987235995,-0.0331551171173147,0.00139570393381766,0.0459203173584486,-0.0332545079966721,-0.0630566337664898,-0.0383018275439097,-0.00672791846751078,-0.00424827437385808,-0.0582489198722606,-0.0199878436717821,-0.133238924087061,-0.0861779330981294,-0.0465148920428334,-0.0274679531687251,-0.0460694121775371,0.134972222869575,-0.0129557614655958,-0.0292251253192558,-0.0502856189049538,-0.00468610915623568,-0.00158179475267478,-0.00789408008152692,0.0148845720574336,0.0540084577679685,-0.00671143376031744,-0.00772044273191996,0.0313632733850951,-0.0108668033269447,0.00771940507654861,-0.0438423302987448,-0.0539916862840683,0.00132689976655401,0.132528334120493,0.246191597530438,-0.0641663980084042,-0.0018435737117117,0.0316417224605148,-0.0612195094734102,-0.0361447103671736,-0.0154550190254312,0.0273773888913852,0.103245103652603,-0.0514068511516877,0.0552323060952765,0.0742909437527065,0.0555370450459201,-0.00290202270866097,0.00693852146574583,0.0184625783484818,0.0372845479503217,-0.0127207514495289,0.0291465101003898,0.0068689118502055,-0.0141854992888988,-0.0567340802969426,0.0763167089619293,0.0193525233638949,-0.0162346607923612,0.0677008525220533,-0.0106808303066713,-0.017782078426628,0.023399336813558
"GP56",-0.00195076113379741,-0.00191832975878577,-0.00196564134111538,-0.00196811069232766,-0.00197432312383404,-0.00179019437430656,-0.00193630020287764,-0.00141658157525154,-0.00145435715505281,0.00283711126349268,-0.0012115072992896,-0.000436610831766846,-0.00197432312449117,0.0654861086792877,-0.00182387311637562,-0.00197432312712961,-0.0019661658701541,0.00415982912544183,-0.000280846412022636,-0.00196480343954162,-0.00193587141068435,-0.0019743231259352,-0.00193629812741434,-0.00197262785563096,-0.00197432312967192,-0.00196347880988296,-0.00197432311598971,-0.00197432311661182,-0.00196969364789032,-0.00154679683576126,-0.00148763251613351,-0.00143615343421296,-0.00174148325106962,-0.0017772740983944,-0.00193401149092847,-0.00197432311051383,-0.0019743231257327,-0.00195109126397339,-0.0019569433784307,-0.00191941416064377,-0.0018000694639624,-0.00181072087944457,-0.00183061958434924,-0.00197432314546803,-0.00196366860171012,-0.00188113415819079,-0.00165081633729627,-0.00196902061840454,-0.000199619891059612,-0.000951547480412397,-0.00197432313018361,-0.0019743231569671,-0.00176531521798837,-0.00189965601613843,-0.00184252919516096,-0.00187421700690846,-0.00197019649573448,-0.00192411574262137,-0.00169056616440097,-0.0019053459031683,-0.00194483185789047,-0.000588816310810248,-0.00172483127803532,-0.00196950964730561,0.00581857058910216,-0.00197432311071156,-0.000795319396238435,-0.00110285264298078,0.00727664158761553,-0.00189321102315496,-0.00195315310352001,-0.00149789258597475,0.0412928119829929,-0.00197060646849648,-0.0017788507933215,0.000685325292153075,-0.00029413854511403,-0.00144253569052617,-0.00176714011352833,-0.000168312941188024,-0.00197432313101285,-0.000454792926373066,-0.00153832567686269,-0.000176277924826989,-0.000608234205261376,0.00124174963150746,-0.000945979005263421
"GP58",-0.0836608183528663,-0.0783508371913248,-0.0829198632550906,-0.0800363911648152,-0.0700975196625605,-0.0852767824619906,-0.0725218090951676,-0.072914870036957,-0.0710488826714477,-0.0745071809734758,-0.0698976465360404,-0.0845600102474979,-0.0876829117795543,-0.0725773419794132,-0.0592825176069446,-0.0741141776659019,-0.0363590808568218,-0.0609241585782873,-0.038948100441661,0.285097794678907,0.268090332345084,0.2444350707127,0.18546000037181,0.264036600260336,0.275972559720182,0.186967910459911,0.0342055907045908,0.00047414764676354,0.131912923943598,0.0486669995840004,0.110759467092689,0.0871337852423786,0.0678114232193928,-0.00327251109520554,0.30448828970658,0.0354795503675888,0.19786222107369,-0.0502196188241586,0.04132511372213,-0.0588229707996178,-0.0503469392995794,-0.0736845619214173,-0.0261748301746364,0.00789275632141417,0.0451653932423179,0.0324456038698235,0.0906711780886233,0.0294351119676405,-0.0534112436110916,-0.0295766230342542,0.0474819736507393,-0.0505040512537786,-0.0140629248037516,0.0548770999038241,-0.0487841032557203,-0.0558504609379464,-0.0639097410160202,-0.0514388479487529,-0.0355971441467425,-0.0537576863101609,0.104031128984518,-0.0628798906294257,0.00152147697408353,0.100801779750782,-0.0491969737904444,-0.0353795572354425,-0.0369307287820248,-0.0455279869487066,-0.0507232566599461,-0.0627867323159887,-0.0644091361111187,0.00626358870042271,-0.0588456828453538,-0.0644597436242515,-0.048234848168252,-0.0593748225299382,-0.0539990604032469,-0.0280501057345605,-0.0747174290000773,-0.080036517622628,-0.023540732608863,-0.0622636069923677,-0.0361689935501894,-0.0815382739607314,-0.0280702167080474,-0.0642100163125975,-0.0443274007816674
"GP62",-0.048302741561023,-0.0481820779996651,-0.0482517972071678,-0.0482687959837872,-0.0482396741654141,-0.0482489457952453,-0.0478939298504558,-0.0479804648450591,-0.0478506662561127,-0.0422569803382167,-0.0204594106909876,-0.0480009852866377,-0.047704943070976,-0.0482729950665601,-0.0477938841031486,-0.048372521867138,0.08280629887979,-0.047488301662187,-0.0287687587577574,-0.0482658459126478,-0.0480982391016592,-0.0476460103609028,-0.0482400732317721,-0.0481127521381887,-0.0483724917255594,-0.0480105803341497,-0.0318759138623475,-0.0366738044256723,-0.0463755958839185,-0.0389225697050789,-0.0411498451093194,-0.00746664886905044,-0.00406379799238,-0.0416990864437339,-0.047628614181475,0.041536693400742,-0.0458664521223783,-0.032620678043711,-0.0473316672379989,0.444604017412383,0.438824848946128,0.156706493963427,0.0434981391644866,0.0830626713406289,-0.0479214821318851,-0.0477344333657284,-0.0475755563587792,-0.0439994862866698,-0.0453932605049886,-0.0323651463042194,-0.0438280299914134,-0.0468851034582712,-0.0336653665391834,-0.0429959106486351,0.271997017139894,0.448882245739544,0.399705181750031,0.450915424883447,0.208255759438408,-0.0208847905724844,-0.0464847822915654,-0.0454531177749323,-0.0438980205327437,-0.0482367205077465,0.0549306214091732,-0.0482812793855393,-0.0480576141758552,-0.0481626766520648,-0.0465754753444939,-0.047762107869296,-0.0482343247073269,0.0681027531948544,-0.0462682404878969,-0.0480425711463451,-0.0482301942279009,-0.0476785926382038,-0.0449261641041798,-0.0477856382333032,-0.0482238436358326,-0.0472304547288432,-0.0475285542523748,-0.0456771511021538,-0.0396099151848381,-0.0474703780638181,-0.0480668509655056,-0.0471481354705667,-0.0447882558278728
"GP63",-0.0402873805736578,-0.0281933290111904,-0.0387118437571562,-0.038785465141888,-0.0415671442519947,-0.0367246964588256,-0.0363157516377898,-0.0189263091886791,-0.0322735566017286,-0.0175680260121693,0.0303837072594399,-0.00683469167663155,-0.00259326687554505,-0.0148762452140102,-0.0289341717449593,-0.0375590768227187,-0.0359181926908835,0.0331661418726102,0.167683279415619,-0.0393937723690805,-0.0169030274482264,-0.0377552327613055,-0.0314016948524558,-0.0350406866621623,-0.0369789679502045,-0.0276558035736768,-0.00659991626869606,0.00337828064101295,0.0015123839238295,-0.00963332358960609,-0.0169307514139147,0.0169792580138148,0.0210549873812546,0.0151354885411871,-0.0257856986607845,-0.0437928162661888,-0.017789276055501,0.0225430336857411,0.0151256787346643,-0.00422458381513816,-0.013981955944157,0.0210642011520958,-0.00930980637299051,0.0375864365741162,-0.0201654483660583,0.061319975750421,-0.0235087251595411,-0.0198484720108951,0.182615468247055,0.0880814482574986,0.0149665068552676,-0.000343128812599167,0.00852901720403382,0.055357879488085,0.0157269903376941,-0.000901517170337235,-0.0225671622925074,-0.0143872268035918,0.0262702021404123,0.000959225034237926,-0.0128209610886498,-0.0274953518569783,0.0195992323503623,-0.0182847679901981,0.00525065947835521,-0.0281719791010673,0.0586299931409473,0.0152159764961616,0.0574396203791998,-0.000246505803611213,-0.0247348817036217,0.0578744554924962,0.109505773668434,-0.0327261524103811,-0.0220502926054492,-0.0207033920401861,0.0118727590762508,0.0160449863354651,-0.0193174405815323,-0.0317293546043315,-0.00823191141226544,-0.00224423180204127,-0.00225124114251113,-0.031164291552869,0.000445200241903129,-0.0195534412531315,0.0413760920586069
"GP68",-0.0190017331296965,-0.0180681735583959,-0.0169166055497956,-0.0167610910538686,0.00340749914805877,-0.00852514181836933,-0.00996332248486268,0.0127961753456317,0.0242987439893574,-0.0141829751392591,-0.015075651165102,-0.0155318455516114,-0.0185667736277277,-0.0043287583887384,0.022246730460813,-0.00618009137392303,-0.0170664151965103,-0.0161987770609753,-0.0162844830728304,-0.0190930839114942,-0.0190910793246035,0.0017444264774892,-0.0159630857869946,-0.0195791022364924,-0.0196905842332272,-0.0188378363080982,-0.0189266484803721,-0.0195726067911986,-0.0171406821075448,-0.0186910475801568,-0.0171969692406697,-0.0184173163861472,-0.0184629003883294,-0.018258794867384,-0.0137267033904913,-0.0186369547555179,-0.0180007151390172,-0.0189775941073371,-0.0179979374170166,-0.0192638423963595,-0.0189892218504119,-0.0197849471537106,-0.0192022930451605,-0.0136909341255341,-0.00512439000715993,-0.0168045798884832,-0.0192557486397005,-0.018522091788073,-0.0192889226850813,-0.0182816953471006,-0.0193764708705731,-0.017000420889228,-0.0186159000559018,-0.0134171741764001,-0.0191146586841525,-0.0193432345441428,-0.0193310878241058,-0.0190177066299118,-0.0174858982392678,-0.0190132346737585,-0.0189974931890562,-0.017625075310754,-0.018951935786546,-0.0130563483183427,-0.0189481917393712,-0.0177156413275993,-0.0185570870042261,-0.016997154530118,-0.0166101418312082,-0.0167235759419436,-0.0177255876446542,-0.0123168286155958,-0.0189788519865717,0.196597230446667,0.196964717868585,0.148614292944499,0.0970306947540299,0.0864499290431517,0.148037409945144,0.0743376847712672,0.246338266717766,-0.018008206052471,-0.0196802172332025,-0.0173701897689464,-0.0182107697384446,-0.0197368779153045,-0.0138156938401284
"GP69",-0.00217192131020917,-0.00185675283308863,-0.00229441490192319,-0.00220331868809526,-0.00232615806484265,-0.00158193664661995,-0.00177939898314831,-0.00132193114819676,-0.000910565080600243,0.00423725645582403,-0.00150706939202735,-0.00210901757527342,-0.00215023347698122,-0.00134999949806202,-0.00229267015755669,-0.00202238465505604,-0.00121864997721594,0.00677548962893257,0.0801886671406234,-0.00203372475452555,-0.00164277661189012,-0.00168088700757341,-0.00138624650279512,-0.00159895767247702,-0.00159612104086761,-0.00115617813034542,-0.00155613076030508,-0.00156318768092911,-0.000881641245274708,-0.000789145519943053,-0.000971488162653096,-0.000895442119399736,-0.00115686231157813,-0.0016596020020972,-0.00228175733821017,-0.000881179281273366,-0.00150173004504107,-0.00177453283005209,-0.00171314047121384,-0.00173742691099083,-0.00214848246237125,-0.00136776348466549,-0.00139636225283293,-0.00231092054189431,0.00220788119112434,-0.00178527191112646,-0.00155051525722687,-0.00128566052333564,-0.00164822374805414,-0.00130080273192656,-0.00136704818637403,-0.00118408145604666,-0.000663903286923227,-0.00218789604674389,-0.00120750386381374,-0.00165991891422118,-0.00138430891696705,-0.0020186773473925,-0.00154962517841165,-0.00156413935074217,-0.00121750512799362,-0.00188817171770704,-0.00129962930074991,-0.00220561506772337,-0.000572955273731233,-0.0014361668209416,0.00774543954008026,0.000435362791970302,0.00877957005036468,0.0018258151022939,-9.43650784286099e-05,-0.000869341469756339,-0.000534820388741377,-0.0016584441058704,-0.00195840490378353,-0.000307778474312608,5.28578331507271e-05,0.00126416055935329,-0.00176272669271571,-0.00101872157088175,-0.0010891952896259,-0.00119570877596938,-0.0013837470895733,-0.00204840416192153,-0.0010607594800132,-0.000698316340080083,-7.60369137945468e-05
"GP71",-1.60813226106321e-05,2.11436403419323e-05,-1.15035979858169e-05,-2.37642385459499e-05,-2.02460791033569e-05,-3.4796554278261e-05,-2.20417160308064e-05,-3.47965946830166e-05,-3.47965866745329e-05,-3.47964316409117e-05,-7.201362625501e-06,-3.47956775809844e-05,-3.47964642899622e-05,0.000143514789147966,-2.98173581021066e-05,-3.479650546115e-05,-3.47965800424476e-05,8.42623325792654e-05,0.000377005576925591,-2.24472093211773e-05,1.12118672479771e-05,4.50566472484219e-05,-1.35949173112853e-05,6.72778343782565e-05,-3.4796585010173e-05,-3.47965885571676e-05,1.02418349828446e-07,-3.47965856846347e-05,6.10712724558524e-05,-3.47948468563574e-05,-3.47965651835807e-05,-3.4796546450518e-05,-3.4796552362343e-05,-3.47965556189569e-05,-3.21713366203303e-05,-3.4796564586856e-05,-3.47965551571721e-05,-1.81199455649922e-05,-3.47965767403203e-05,-3.47965353863017e-05,-3.47965481704069e-05,-3.47860321193114e-05,-3.47965876553826e-05,-3.47965396491824e-05,-3.34551740029922e-05,-1.6396586182713e-05,-2.89042286578755e-05,-3.47797073809393e-05,-3.47961901655477e-05,0.000973815586071832,-3.47965634495913e-05,-3.47965616555585e-05,-3.47965955259815e-05,-2.37368618367765e-05,5.57743104065588e-05,-3.47965534014731e-05,-3.47965459959567e-05,-2.14982090856428e-05,0.000108261260350446,-3.345781470644e-05,-2.95334671853593e-05,-3.4796578469749e-05,-3.47964346506366e-05,-2.91928680205642e-05,-3.47965599270387e-05,-3.47964338750669e-05,-3.47964163066609e-05,3.69520918796544e-05,-3.47964964800271e-05,-2.87131387740284e-05,-3.47965586133392e-05,-1.89550503728128e-05,-3.4784921186998e-05,-1.84193313065984e-05,-6.34828002355187e-06,-1.59631888931129e-05,8.38863834702328e-06,-1.63997167443035e-05,-1.11510467707216e-05,-3.47899848236386e-05,9.45070606844771e-05,-3.02105282768425e-05,-3.47965889422042e-05,-3.47965737379586e-05,-7.80393802882761e-06,-3.47966265915572e-05,-5.0137627041107e-06
"GP72",-0.0314148647190494,-0.0311162730217685,-0.03133727795403,-0.0313957082095213,-0.0313631959526854,-0.0268839897540547,-0.0165309240323771,-0.0187212988404846,-0.0080551914790755,0.038100526046888,0.046093628749802,0.0124169107889081,-0.0148271182376084,0.165226578541876,-0.0273187005821603,-0.0314787838441865,-0.0275984836310009,0.273542637621038,0.313510858888881,-0.0313601263826793,-0.0309568095143926,-0.0310631056739836,-0.0292740352964222,-0.0312169825001622,-0.0314788124569579,-0.029424815513363,-0.0300775076969442,-0.0310417016584015,-0.0213255398877438,-0.0232193774057956,-0.0257953756789738,0.000743114419054759,-0.020797911566126,-0.0305923961819464,-0.0299108085205649,-0.0310885626263604,-0.0298082043915476,-0.0308498059818679,-0.0251608158220593,-0.0313356330743341,-0.0312837232609548,-0.0304508969741175,-0.0297990080286341,-0.0301059874439339,-0.029703082078199,-0.0243859750098422,-0.0311675579695113,-0.0305995865629982,0.020824826060584,-0.0156465039089353,-0.0261223441216184,-0.00903364160465824,-0.0253788329815185,-0.0199625537413211,-0.0312158224846683,-0.0313821526380232,-0.0311591568495341,-0.0312146036577825,-0.0275268526928841,-0.0308298290086758,-0.0296354386735869,-0.0275393147599719,-0.0304826464635601,-0.0311966901775737,-0.00109807794040518,-0.0133730039217141,0.269465918137294,0.123596948349315,0.233889277087544,0.031102482381244,-0.010461480221739,-0.0161753359532904,-0.0091708889377742,-0.0292170648771629,-0.0173228651646197,0.00567713897371748,0.0405687052822276,0.0624889501332373,0.00253301341817604,-0.012875445722587,-0.00979427225621854,-0.0157135628547136,-0.0271691674239687,-0.0282750303899064,0.0755189026732202,-0.0105191113731136,0.0255072286653368
"GP73",-0.000141973802631227,-0.000125208361233004,-0.000135213343934761,-0.000121795271487965,-0.000145089755414834,-0.000126519620658724,-7.94238743196455e-05,0.000992639399265867,0.00107016393048385,8.34808746669252e-05,2.83753191436149e-05,-3.37879509096513e-05,-9.58523777493852e-05,8.66751314054612e-05,-0.000113694552541283,-0.000257491607002316,-8.58324005483099e-06,0.000160874262466385,0.000153504309756776,-0.000127385830375284,-0.00014537913769557,-9.51647097937e-05,-0.000156724417624423,-7.68768794940557e-05,-6.85403293311871e-05,-2.42090111893405e-05,-1.09883399211858e-05,-7.32056065802199e-05,-3.93125409748982e-05,6.26093195521308e-05,-0.00021830677200922,-0.000103249941620989,-6.68541771137881e-05,-6.13617280686052e-05,-0.00012156699589271,1.63879702930756e-06,-0.000160911389498553,-7.31260875101369e-05,-5.50711333243987e-06,-7.83477477379732e-05,-0.000118167679452046,-0.000181052120915815,-0.000207193464788789,-0.000216401440287862,-2.00489679713033e-05,-3.0277882794119e-05,-1.42244419261183e-05,-2.24626528940756e-05,2.24173734631847e-05,7.61209437154645e-05,-4.92525545633385e-06,-3.21217292369911e-05,-0.000162743015240288,1.89504094159606e-05,6.97756199332994e-06,-2.14345541519291e-05,-5.18503645449029e-05,-7.02428106437046e-05,7.4667199749837e-05,-3.98156815872722e-05,2.16542675153877e-07,-3.8702938335597e-05,8.03910948947223e-06,-8.83771059843892e-05,-0.000104266189463258,-0.000225569003622907,-0.00016806088868826,0.000369068644964019,4.44162969351963e-05,0.000593108870750145,0.00040586715960383,3.19653989129887e-05,0.000145049857664941,1.00458244884256e-05,-0.000146195347486095,0.00042198415065194,-0.000162876865388209,0.000613220260114255,-9.63916422099557e-05,0.000185710693917181,5.47715985787993e-05,1.16527865878257e-05,-1.40542014779414e-05,-8.34495464013187e-05,-0.000137496432925365,-4.77976855734561e-05,-0.000136359604292015
"GP77",-0.00291430177418659,-0.00280914814328812,-0.00281375148142081,-0.00290433976854172,-0.002937940411689,-0.00275987890412582,-0.00224851134765013,0.000635641510985144,-0.00215280985238786,0.00171937959856173,-0.00194075304762464,-0.00293605351514707,-0.00298220864703307,-0.00130273709618583,-0.00174134056262524,-0.00100360372665401,0.0662714251356945,-0.00263397254395087,0.000163156259123714,-0.00311381772716042,-0.00298589532053928,-0.00277792062189953,-0.00268350151169443,-0.00302808792803426,-0.00308733348056872,-0.0025472219238159,-0.00178631308908312,-0.00290412534912069,-0.00272407999844842,0.0104139827433411,-0.00202100346612617,-0.00239605667522041,-0.00117007961626478,-0.00305456726215752,-0.00192072728116989,0.0929336882448172,-0.00347571902663036,-0.00156327194784146,-0.00255385489255807,-0.00264052369409655,-0.00287647558850342,-8.57614002118604e-05,-0.00269383755865765,-0.00285631325816227,-0.000803935389798342,-0.00216749094910375,-0.00242297698304147,-0.00192624948437492,-0.00244134970666564,-0.00163157295577588,-0.00186802627745221,-0.00310180342138963,0.00012535074286834,-0.00144351908119127,-0.000774741186932298,-0.0030447001227969,-0.00291636257964067,-0.0028845746939334,-0.00256112225667501,-0.00307226115634516,-0.00256668207091619,-0.00207797483538043,-0.00317106158091102,-0.00154371265767942,-0.00213408177361058,-0.00119417543147949,-0.00281020648595605,-0.00126746731830349,-0.00309363760622385,-0.000245906927144381,-0.00137886833374465,-0.000758572079163697,-0.00195719799061091,-0.00257789187812219,-0.000126112922946994,-0.00186203925949741,-0.0015442498579839,-0.00186192933584932,-0.00181541975207573,0.00178712577489402,-0.00174069489237809,-0.00231659659690183,-0.00224456312827444,-0.00196890354260722,-0.00143005279374587,-0.00355983184114701,-0.000713393432038861
"GP79",-0.0231926543527306,-0.022513961324833,-0.0219516266205807,-0.0238305280553299,-0.0192870418277076,-0.0174887447954845,0.00775102085321257,-0.0085322222209324,0.000963595981160123,0.0317880203140911,0.0448248622843398,0.0289479136288221,0.0179272337282108,0.0700342380910126,-0.0172381581028838,-0.0172914046301405,-0.018458205482416,0.165543820326298,0.151938424233452,-0.0210932751916293,-0.0190662309771909,-0.022189472605912,-0.0222977542114265,-0.0215861829058795,-0.024071159099804,-0.0169859992296434,-0.0165155194726333,-0.0173305594394303,-0.0162128468320997,-0.020118075732545,-0.0205131437634173,-0.0145811521256541,-0.0212389151599813,-0.0133531563408515,-0.0135257299020495,-0.0224521697020597,-0.0216483400236871,-0.0100158732554531,-0.0150588769412219,-0.0164104222384419,-0.0176792860976262,-0.0300668236982409,-0.0199279776632552,-0.0132363394297473,-0.0230265159382024,-0.0141882614399873,-0.0202853131717426,-0.0160559299796271,-0.00325615245918243,-0.0160826429416907,-0.0191439712692481,0.0015333202602006,-0.0156910798261189,-0.0102423088265628,-0.0187409867555411,-0.0159820580898827,-0.0211874965691369,-0.018134028779289,-0.0151049418017903,-0.0180680279405087,-0.0192022395019272,6.774967025764e-05,-0.0172412329224872,-0.0199603295282238,-0.00941124889079885,0.0693813740161728,-0.011707156812234,0.173479608834322,0.00265182922269773,0.101029790185087,0.0481251045437725,-0.00739225944726903,-0.00381466881674619,-0.0211971025732991,-0.00620530664493853,0.00457887134449402,6.16958890876235e-05,0.0200934251876009,-0.00170764903297509,1.96096809136972e-05,-0.0227211457189149,-0.00600261928239681,-0.0166350907831092,-0.000355578979881969,0.127615291081278,-0.00194017804758987,-0.000713447132259452
"GP80",-0.0850043626188916,-0.0863089887071915,-0.0826661975801759,-0.0941162562090076,-0.0950571671620472,-0.0889399128421572,0.13915357174386,-0.0501751822851751,-0.0204370141957869,0.005101101708299,-0.0273021104283026,0.188882214887187,0.14799266673953,-0.0479998612141495,-0.0344304248597732,-0.0996031902923555,-0.00544636294053794,0.00826840544216384,-0.0715147563527962,-0.0729087727794688,-0.0725050468090474,-0.0337958098181706,-0.0661280614991275,0.0576658643852367,0.0312340279695615,0.161820576199608,0.107040237787334,0.0453129285302268,0.127394079004275,0.0491377710502691,0.0364739957107609,-0.0276085151028633,0.0185350868807533,-0.0706792866210834,-0.0267002534439254,0.00241280407432148,0.109390901167498,-0.0704771996164465,0.10072919636978,-0.0746155771276279,-0.0565448767028017,-0.0354043748255595,-0.0261546321308641,-0.00412802273598645,0.0932348148170713,0.139026502271323,0.120434132964726,0.147520330850963,-0.0285739671825283,-0.0176880740055211,0.0798007458212079,-0.0667477988094037,0.0351046432916158,0.159553613055705,-0.0888375264329764,-0.0791568248510342,-0.0776767414815082,-0.0597108050275911,-0.0622948094473251,-0.0751026002347503,0.142992099753675,-0.0311656616050536,-0.0856881927244349,0.0616258786277613,-0.0482973384883981,0.136221135823605,-0.0397927865504686,-0.0797394545875859,-0.0391003630163218,-0.04870629198017,0.100346688233755,0.0122410346185159,-0.0742806786810127,-0.0534595088445602,-0.0491890844826151,-0.0786704676037276,-0.0333723440986827,-0.0259850434576876,0.132179203436999,0.0401255184051521,0.0503942812456457,-0.0593216553262722,0.12158424713573,-0.0459083643654193,-0.01417724933866,-0.0401521152305236,0.0205176647514397
"GP81",-0.00162694479401034,-0.00159663795456394,-0.00163861174645246,-0.00171679814243696,-0.00163070982607858,-0.000994017533679634,-0.000703998252434293,0.0147728973060321,0.0204125625149576,0.00355081388647883,-0.00138294475053494,-0.00154643903626665,-0.00171679949993784,0.000567249150827473,-0.000962699341670919,-0.00171680034306578,-0.00171679785346137,0.00443692761960114,0.0576750582634917,-0.00167646190167433,-0.00157689976996845,-0.00147424797990664,-0.00135414573765771,-0.00158002277771556,-0.00171679823631755,-0.00163924840269296,-0.00160799250423661,-0.00171679881498868,-0.00166492424425216,-0.00161741716671337,-0.00167500652883201,-0.00148870560943359,-0.00171679808127487,-0.00171679827659645,-0.00166257012729662,-0.00124551217819243,-0.00171679983346975,-0.00167605002885097,-0.00169079553710709,-0.00167956376833791,-0.00171679791321185,-0.00171679673662168,-0.00171679770584529,-0.00171679900140668,-0.000316962094335109,-0.00145683130155585,-0.00168215733639997,-0.00171679757109333,-0.00171679820893453,-0.00160859655143006,-0.00171679763343898,0.00238646906894178,-0.00163895145506334,-0.00171679899425439,-0.0017167994104252,-0.00170922522542511,-0.00171679900058274,-0.00170216922931476,-0.00160434386679151,-0.0017116933777122,-0.00147705972436929,-0.00171679769756545,-0.00171679781834371,-0.00171679806039054,-0.000642470434551363,-0.000902857587181954,-0.000678348048311471,0.00858329625250277,0.000479807003765334,-0.00111217633502864,-0.00162594331913864,-0.00153472176318771,-0.00141617756932014,-0.00150781574212358,0.00030758252347683,-2.45950158497938e-05,-0.000977620630086432,-0.000941644808354138,-0.00148950784662163,0.000128364377318139,-0.00144790406331374,-0.00170688921115098,-0.00171679768518846,-0.0012354609070029,-0.00106147572199429,-0.00159285795805575,-0.00161564082631095
"GP85",-0.0029234869560432,-0.00280810377727303,-0.00289515910032343,-0.00291843000954153,-0.00289108013628437,-0.0029017729987861,-0.00266427974186633,-0.00213954525667301,-0.00191001904646546,-0.00201143630289536,-0.0026237158420055,-0.00292884456059952,-0.00292884360794486,-0.00271205226347892,-0.00280169149985531,-0.00292884332585901,-0.00292884487228907,-0.00221744639132187,0.00424671468110254,-0.00289402532296335,-0.00277252727761849,-0.00285580829902482,-0.00280345210804092,-0.0028848592648768,-0.00292884545844302,-0.00292884519311235,-0.00288329424973281,-0.00292884168181562,-0.00251536566139626,-0.0029288452835364,-0.00285049895968877,-0.00265513157295732,-0.00292884426059959,-0.00272348770995036,-0.00285151749896313,-0.00286657339972234,-0.00292884395092697,-0.00282974013474874,-0.0029288455397216,-0.00292667261976616,-0.00285257380567593,-0.00265988559316512,-0.00292884527035303,-0.00292884352393367,-0.000732259457023567,-0.00285613452589108,-0.00290440395427526,-0.00273962261538185,-0.00191429987382179,-0.00254023184137468,-0.00292884500336789,-0.00292884578356952,-0.00271990912451642,-0.00208737711331964,-0.00292884360581775,-0.00291465803657982,-0.0028057732374534,-0.00277727370404746,-0.00146870039693204,-0.00288006488301705,-0.00264280338000747,-0.00292884564078935,-0.00267225582701008,-0.00284325357440263,0.100793201897531,-0.00291313947886305,-0.00168998706124098,-0.00270743147306633,-0.00203394206304549,-0.0023336673924313,-0.00285398938864827,-0.0011702019540963,0.117619772433107,-0.00282828590660046,-0.00290175160771177,-0.00224900968697315,-0.0027540519323302,-0.00259510747326347,-0.00286441609168701,-0.00246313769797333,-0.00272695807343637,-0.00290141844128566,-0.00266810469757863,-0.00287853855041635,-0.00271142494537162,-0.00292884627750087,-0.00095326790938112
"GP93",-0.0043465866679312,-0.00433481943048346,-0.0043436957244282,-0.0043472020768526,-0.00434720283842995,-0.00434720200253425,-0.00432597258042427,-0.00432454582455087,-0.00423918069284772,-0.004347202482623,-0.00427466450388999,-0.00434720198987247,-0.00434720152140184,-0.00387915904389828,-0.00429790196114796,-0.00434720212851035,-0.00434720019544695,-0.0041895831149749,-0.00431618777265215,-0.00434532304484528,-0.00433741112025926,-0.00434720218812192,-0.00433500754087472,-0.0043472004714567,-0.00434720041549604,-0.00434719979916848,-0.0043351876979824,-0.00434720152022857,-0.00434720134713951,-0.00434720063177004,-0.0042272157170198,-0.00427423077215855,-0.00424673881933928,-0.00378641857791076,-0.00432389375844703,-0.00434719996639876,-0.00434720153314425,-0.00422518461296672,-0.00412626208860735,-0.00434720052559615,-0.0043472015667411,-0.00427618809698734,-0.00407138807042036,-0.00434720291907286,-0.00414748648686701,-0.00431292281981929,-0.00434719939388661,-0.00434201259668557,0.000311796779980687,-0.00326601951777046,-0.00434719974932423,-0.0043471992697262,-0.00367204912419783,-0.0041035755266664,-0.0043405698934103,-0.00432920023882068,-0.0043472007706415,-0.00424365614981837,-0.00353874855173164,-0.00409135920652266,-0.00411601054152259,-0.00434720080246935,-0.00415692276862738,-0.00434720224950864,0.0417849420279776,-0.00434720238796882,-0.00360433059698087,-0.00426661223846008,-0.00381570523127643,-0.00340854105794782,-0.00432553472963994,-0.00399100815515515,0.312754680365818,-0.0043407251937226,-0.00434246536298714,-0.00434720251047084,-0.00431311305450034,-0.00430397654572524,-0.00433696526982328,-0.00434720272095768,-0.0041934594770886,-0.0043172895987863,-0.004347200217994,-0.00434720151375972,-0.00393250761873493,-0.00434720140325026,-0.00380546327547618
"GP100",-0.0223198396331515,-0.0223117483941648,-0.0222947870205141,-0.0223202634223132,-0.0223203424596795,-0.0221198436769682,-0.0223065160160853,-0.02214835542807,-0.0219338162645687,-0.0210650824131253,-0.0210870326195952,-0.0222249648105404,-0.022320106671709,-0.0219725629532605,-0.0220552486243303,-0.0223201517671794,-0.00931494935625791,-0.022195640087665,-0.0211877427842207,-0.0222889343450355,-0.0223086146559262,-0.0215037102712566,-0.0216428378074322,-0.0222319616747738,-0.0223201243015106,-0.0220724927058892,-0.0213378785473025,-0.0217544827088988,-0.0220671740168439,-0.0220234162179975,-0.0206103337927985,-0.0181841540232971,-0.0138367560075304,0.0778786469896555,-0.0218162525804383,-0.0202024861740778,-0.022320162629118,0.0937702103941098,-0.0181533303219553,0.100493683504675,0.0826173228065566,-0.013867907631918,0.0924080329756413,0.0541998666400811,-0.0215162348459954,-0.0199812248873492,-0.0211705585569934,-0.0180019108255076,-0.0110913455343781,0.0270517153638416,-0.0154704818446114,-0.0211856001276223,0.0235160921003406,-0.0167794889294085,-0.0116960148081629,0.111750363806072,0.142183128638671,0.0660513347806998,0.0779269262806763,0.373334470891069,-0.01995346899032,-0.0222149187023872,0.00719848176593999,-0.0197114271967829,0.0925322983048577,-0.0223199840378727,-0.022224722472467,-0.0217407830502965,-0.0180063639227397,-0.0222108102701875,-0.0223019610395606,0.0453705834520512,-0.016830810929826,-0.0222827305549066,-0.0222654396243217,-0.0223201966670775,-0.0219805692831519,-0.0221874076919364,-0.0223042047866265,-0.0223200806943126,-0.0216996278181068,-0.0218415794026679,-0.0210929630457298,-0.0222742902576579,-0.022311386768353,-0.0217360228029695,-0.0208965435072515
"GP101",-0.01191396058424,-0.00176964521316664,0.00599496163293563,-0.00486069877361006,0.056552945782633,0.0425238742986585,-0.0211766975494536,0.016616952682752,0.00098964201679027,-0.00325438205389576,-0.00692375790694886,-0.0175789444136346,-0.0146989956662647,-0.00686140271845762,0.00588649453836636,-0.0169057362953021,-0.00980210171836578,-0.011251136376358,-0.00243894856651535,-0.00753705889644356,-0.00738929806593525,0.0358221761907866,0.0155007293983654,-0.0153721233108167,-0.0182492119939775,-0.0214066742248065,-0.00616546117262876,-0.00520947986175809,-0.00611148266036339,-0.0142102135756851,0.00282757754625456,-0.00566691691697119,0.00194116390820128,-0.00148840843328164,-0.00321713959281392,-0.011109759279022,-0.0186038368907311,-0.00990776335095772,0.0120708835700118,-0.00965895442946392,-0.00494255308704192,-0.00994513012637635,-0.00171271427385624,0.00452107784500184,0.107816398137842,0.0306889508348979,-0.00789297535436502,-0.00871039393975195,-0.00577523331189449,0.0136070916206916,-0.00300343570986529,-0.00900084189150803,0.0191280852598509,0.0169600453502388,-0.0144661645557361,-0.0123679299222465,-0.00427289004049806,-0.00744193643653562,-0.00102064587837952,-0.0112051655252031,-0.00777030627397359,0.000275692056228273,0.000555225984759197,0.0685048113224713,-0.00241509349735342,-0.0225200932691219,-0.0082911029954053,0.00213451001878265,0.000149613036382328,-0.00290489402615045,-0.0164864964502174,0.00910149714472138,-0.00962069626441889,0.00519417043197547,0.0106160254051876,0.0128003939382155,0.000371056838492,-0.00531749221948023,-0.0201734735942057,-0.0154009767828038,0.0164143975306698,-0.00698342343900345,-0.0165293410165732,0.00862669008329633,0.00631228167122558,-0.0016043742956792,-0.00198945140717415
"GP107",-0.00246636682956123,-0.002428497663757,-0.00243954369658147,-0.00243565593397113,-0.00242838049818813,-0.0024379489523207,-0.0024628306629799,-0.00237410119102382,-0.00235210994968725,-0.00246634756559384,-0.00229554631266758,-0.00246636704461036,-0.00246636758758745,-0.00241637550579246,-0.00241540805906337,-0.00246636778599055,-0.00246636626810371,-0.00246636427524978,-0.00246636218964098,-0.00246614342956154,-0.00244986897579112,-0.0024663663814895,-0.00246636744100832,-0.0024663676624607,-0.00246636758883113,-0.00246636788260847,-0.00246636707037889,-0.0024663674779737,-0.00246636711070575,-0.00246636676167324,-0.0024275098153487,-0.0023500353180173,-0.00246636731927797,-0.00230795128398719,-0.00245830940894098,-0.00230258020082353,-0.00246636785615546,-0.00239161073784369,-0.00245290035018128,-0.00246636726553602,-0.00246636635128083,-0.00225954696960699,-0.00246636685308374,-0.00246636629700625,-0.0023918906835349,-0.00229463110428364,-0.00246636792860756,-0.00240722866448371,-0.00160660501219055,-0.00244432214059474,-0.0024663676340129,-0.00246636762078232,-0.0013316016255971,-0.00197311088914997,-0.00246636770644397,-0.00244217113387377,-0.00246636739661113,-0.00234468104337905,-0.00173418893674927,-0.00241283661214123,-0.00246636756474497,-0.002466367034998,-0.00232242690110256,-0.00221320810584833,0.0553216073626382,-0.00246636768477528,-0.00227254515781887,-0.00246636429402805,-0.00246636687365503,-0.00195268694675088,-0.00245948333164089,-0.00232131337675606,0.146993672783721,-0.002429273620267,-0.00241961505452921,-0.00246636651229039,-0.00245233892738294,-0.00235236482030339,-0.00229591628049185,-0.00241943550576934,-0.00243960549265967,-0.00242410404212606,-0.00246636748854959,-0.00242622772007095,-0.00230356470197678,-0.002466366564502,-0.00228585822894252
"GP110",-0.00071285880812108,-0.000699546118945026,-0.000744528315139326,-0.000776733878255041,-0.000674054617655646,-0.000380459437919103,0.000288861723891993,0.0223985457964775,0.0283015049654371,-2.21466967654607e-05,-0.000631971305445843,-0.000691173577324134,-0.000776734136786468,-0.000752811397249404,0.00020745367137856,-0.000776734260386101,-0.000776734546200768,-0.000643740146574422,0.00114563227422607,-0.000739537292013697,-0.000745846250226651,-0.000630216248999433,-0.00076090006134898,-0.000735878600142026,-0.000776734399043747,-0.000704137931433597,-0.000706006246034081,-0.000776734400527624,-0.000688114268155934,-0.000776733810863651,-0.000749930845709384,-0.000729128497771841,-0.000776734179017076,-0.000776734321470761,-0.000753977144994599,-3.00364083217933e-05,-0.00077673449426324,-0.000736659842659734,-0.000768654678316721,-0.000742343914883404,-0.000776733301035535,-0.000776732911271043,-0.000776734532888572,-0.000776733291394784,-0.000390557726259934,-0.000712529171218675,-0.000744800436709092,-0.000761860643589572,-0.000776733797185513,-0.000652886164798093,-0.000776734297107808,-0.000776733739393622,-0.000644341842022543,-0.000776732982633239,-0.0007767346360616,-0.000776734198469045,-0.000745637490997697,-0.000774324261815025,-0.000671492497161737,-0.000762551595668903,-0.00058106400292083,-0.000776734170275986,-0.000764352558448823,-0.000776733876952304,-0.000492271435696955,-0.000694187706630249,-0.000371481964029515,-0.000714601660416995,-0.000437764096742766,-0.000764976481768158,-0.000765577256309675,-0.000649372860407021,-0.000483935336974659,-0.000708102223972717,0.0018468006174063,-0.000356701829255779,-0.000759981268551924,-0.000748824397928968,-0.000656629218368932,0.000709316869457324,-0.000540373842220239,-0.000776734127884498,-0.000776734224458145,-0.000606611885893244,-0.000758994747894881,-0.000657859081797083,-0.000707195065826665
"GP113",-1.82402325888704e-05,3.4641809591163e-05,-1.00009298006738e-05,8.2323160097649e-06,1.64299005243821e-06,-3.01469294205288e-05,5.81517002936837e-07,-3.01467945476986e-05,-3.01467763968831e-05,6.81322280562074e-06,8.66421295444618e-06,-3.01470302273904e-05,-3.01471207198297e-05,0.000465493297729709,-2.51928811429963e-05,-3.01472174819248e-05,-3.01469201789735e-05,0.000297656701641157,0.000231271168575957,-1.60843798222617e-05,2.01331126753997e-05,1.66528027779495e-05,-3.01469121332622e-05,7.20253978750322e-05,-3.01469213853188e-05,-3.0146887586795e-05,4.53574792533811e-05,-3.01470214631169e-05,0.000124307854295833,-3.01461172993189e-05,-2.28588793732471e-07,-3.01462088866323e-05,-3.01466930735437e-05,-3.01469473376946e-05,-3.01470253221563e-05,-3.01469483333658e-05,-3.01470738202819e-05,-8.80644903539087e-06,-3.01468885092803e-05,-3.01470266154166e-05,-3.01469044291289e-05,-3.01468576795338e-05,-3.01469405852306e-05,-3.01469493047048e-05,-3.01201589029171e-05,-9.31104181711694e-06,-3.01469071613908e-05,-3.01459446132655e-05,-3.01470403509039e-05,0.000439190993796286,-3.0146952002758e-05,-3.01469424984598e-05,-3.01469209405408e-05,-3.01469835031745e-05,-6.41301646322204e-06,-2.99690661183506e-05,-3.01470040214757e-05,-3.01465728570209e-05,-3.01466733633225e-05,-3.01469377448132e-05,-3.01467502027921e-05,-3.01469173581625e-05,-3.01469273181428e-05,-3.01469090671925e-05,-3.01470089187997e-05,-3.01471651150596e-05,-3.01472162870123e-05,-3.62397040190485e-06,-3.01470987416538e-05,-3.01462460286937e-05,-3.0146719626416e-05,-3.01466963817704e-05,-3.01467020170726e-05,-1.91549509443206e-05,3.46123986416639e-06,-3.01467413758671e-05,-1.9737621114214e-05,-3.01466302130183e-05,-3.01469335345446e-05,-4.74557945736864e-06,8.79106969620218e-05,-3.01458316044627e-05,-3.0146943312298e-05,-3.01469586743879e-05,-4.33188256093777e-06,-3.01468206433015e-05,-3.01468566832004e-05
"GP117",-0.0020890453426111,-0.002199094216884,-0.0020293098458861,-0.00217988176285841,-0.00207681475694492,-0.00153805473029776,-0.00194067118403768,-0.00221703755262302,-0.00226924792513831,-0.0014427009088676,-0.00234434117848259,-0.00234434118719467,-0.00234434118137709,-0.00234434116831101,-0.00211115727717298,-0.00156251972010685,0.00393642286636975,-0.00234434118910975,-0.0023443411572225,-0.00221612947551665,-0.00232986911816748,-0.00219164862174406,-0.00155118442913699,-0.00206089912376526,-0.00234434118672558,-0.00215511432120855,-0.0021964817289874,-0.00148708140692202,-0.00216846547651134,-0.00234434119042412,0.00202046934690408,-0.00171413715118425,-0.00217171767171725,0.00140156236631815,-0.0020584393195671,0.000512179318648687,-0.00234434119449935,0.00128430698189588,0.00657384117153965,-0.00036789374777624,-0.00154977155159631,0.000662853054297195,0.0185562559438085,-0.00234434116737681,-0.00147273336436059,0.0233405934573527,-0.00176426783788312,0.00125985800649488,0.0051222586665212,0.0152764731563461,0.00429593425695372,-0.00234434117794265,0.0442126073090884,-0.00115580071334193,-0.00234434117851748,-0.00133444345174269,0.000633155879787111,-0.00199870827754726,-0.000939760200345785,-0.000132303316103724,-0.00131705432212742,-0.00234434116411776,-0.00224793442940461,0.00132436308144008,0.00310418794363372,-0.00213302840085263,-0.00209527097102201,-0.00234434119113401,-0.00234434119026365,-0.000978078534430352,-0.00125603881642828,-0.00188571464377691,-0.00234434116619096,-0.00209255148212748,-0.0022749359261761,-0.00210638363214209,-0.00229949575137529,-0.00234434116358204,-0.00234434118140324,-0.000507026865888745,-0.00234434116456463,-0.00202944928454911,0.000470780418550851,-0.00185139274194685,-0.00234434121038163,-0.00168619417649971,-0.00166834412982668
"GP118",-0.0143896540884858,-0.0143574629044099,-0.0141391540981854,-0.014060622536668,-0.0137378633962789,-0.0142456847678967,-0.0125108590557033,-0.00787998402059244,-0.0113358833215019,0.111107561542911,-0.0124837005926854,0.0306604887197821,-0.0149816784337715,-0.0145426289147515,-0.0137134624534319,-0.0149199336167435,-0.0116842243076637,-0.0124702200958668,-0.0125219827186449,-0.0140989157788031,-0.0143422247902607,-0.0102693715256613,-0.0138492310729045,-0.0137605728907293,-0.0149816789870716,-0.0142758956991733,-0.0135144918228296,-0.0136260723827769,-0.00657424141908867,0.280259206970564,0.104522297664334,-0.0136500032939234,-0.0135825232301271,-0.013483579577213,-0.0132508800964054,-0.0114737064129545,-0.0134524518685972,-0.0147011445851422,-0.014107770971802,-0.0145687825278072,-0.0142675192099036,-0.0145285154219153,0.0774949301094917,-0.0149816779791455,-0.0137975353903269,-0.0125130077013275,-0.0145125361353388,-0.0140648899814247,-0.0144681424814456,-0.0086679337746899,-0.0149816784783497,-0.0149816792202501,0.135654766936215,-0.013224998365235,-0.013889006459752,-0.0148791675126247,-0.0109049234074825,-0.0144836295824767,-0.0128431664571311,-0.014197207086808,-0.0144583585148265,-0.0149816783472878,-0.0144098702984526,-0.0139128949192675,0.0656888157281543,-0.014430961401578,-0.0137545141379098,-0.0130729582793134,-0.0141327422055673,-0.0149065890686207,-0.0136446495083193,-0.0120987144261646,-0.0136768858510616,-0.0141008911696213,-0.0140906162584961,-0.0121504622802397,-0.0133943076014139,-0.0136444919895555,-0.0123321021497565,0.147473348198427,-0.0130223655684363,-0.0139938604072243,-0.0144213317952539,-0.0130644757673374,-0.01451783725594,0.0977723083610603,-0.012694412127113
"GP121",-0.0223196282984348,-0.0260306583012317,-0.0267556692328585,-0.0249176185212169,-0.0277607232973657,-0.0236564540479284,-0.0220631414822658,-0.0264597573517346,-0.0265595869092558,-0.0221697058989063,-0.0203924841632533,-0.023833529732757,-0.0200038651480307,-0.00570856461109289,-0.0158724362360354,-0.0137051373366728,-0.0224051769395517,-0.0186497394576682,-0.018046913656508,-0.0247139187935163,-0.0248666112446596,-0.0284186039298882,-0.0242743455183635,-0.0260935951585454,-0.0263650212821824,-0.028360129622067,-0.0238294724465785,-0.0244911206361697,-0.0273759717794222,-0.0270835850287676,-0.0210631778287935,-0.0247370122399111,-0.0227575216646618,-0.00281091795829398,-0.0111997637126319,-0.029763285446709,-0.0307528747100663,0.00245501826264585,-0.0153217236511785,0.0206922365340518,0.122677858625043,-0.0146983891178824,-0.00854899333221425,0.289040051004662,-0.0265203882784632,-0.00949511481515685,-0.0242453702139243,-0.0174976388273496,0.00215321625148229,-0.0148414068998497,-0.0213783007696948,-0.0182661200403389,-0.00947773168442028,0.158687091686174,-0.0120596385766946,0.0187635113577713,0.0202763824704296,0.120427606821334,0.258807916570457,0.00276808265347855,-0.0233103047014199,-0.0104159474987031,-0.0056418724655411,-0.0186802192409487,0.022049840334598,-0.0211072721806149,-0.0172596977201654,-0.0216768594625796,-0.0181190824114616,-0.0131644297230644,-0.0127140321062649,0.264785784760154,-0.0151212659576125,-0.0243229120090765,-0.0221392449746395,-0.0252514349416306,-0.0143241597555118,-0.0191177285457711,-0.0160236038678372,-0.0209861260474745,0.0275333443724679,-0.0182544618038362,-0.0184371182628462,-0.009744867319663,-0.0189195384233486,-0.0135520606958012,0.095784834242227
"GP122",-0.00105664126772983,-0.0010589805281528,-0.00101928239450619,-0.00113409818625396,0.00142086780145998,-0.000841102354504018,-0.000864800004051236,-0.000667416715454917,-0.000822480572156503,-0.00114016228070971,-0.00114758304007589,-0.00114758304375457,-0.0011475830411872,-0.00114758303571934,-0.000824699789075283,-0.000868293765058746,-0.00114758303793776,-0.00114758304012123,-0.00114758303568833,-0.00104901580218671,-0.00108933859659049,0.00652190943813143,-0.000609190654401416,-0.00109854211045586,-0.000773996607733797,-0.00114758304007463,-0.000754688227404502,-0.0011475830374606,-0.00112179265825757,-0.00114758304187098,-0.000887093328380343,-0.0011321784336882,-0.00114758303744689,-0.00114758304111199,0.0017552744185797,-0.00114758303710347,-0.00114758303947922,-0.00114492396056433,-0.000951603226668075,-0.00114758303985436,-0.00114758304330562,-0.000848686884492073,-0.000981923467900904,-0.00114758304143841,0.0673806534400515,-0.00101821772520098,-0.00104760078610617,-0.000858326824134577,-0.00114758303878797,-0.00114758303800528,-0.00114758303887253,-0.00114758303932043,-0.000776406237491055,-0.000663861109332327,-0.0011333770980219,-0.00111365470834554,-0.00113478586903795,-0.00114758304185783,-0.00114758303916485,-0.00109957249762907,-0.00113256832588606,-0.0011475830401121,-0.00104745868116358,0.00503629745767376,-0.00114758304120388,-0.000984822847423377,-0.00112715092565866,-0.00114758304069901,-0.00114758303412158,-0.00105938579449538,-0.00114758303714509,0.0037347884289241,-0.000952873098550944,-0.00108889407647253,-0.00114758304268511,-0.00114758304635067,-0.00114758304303576,-0.00114758303729514,-0.00111771846230675,-0.00114207137631008,-0.00114758304028208,-0.0010019572054599,-0.00114758304063951,-0.00114758304155903,-0.00114758304355622,-0.00114758304032886,-0.00114758304076281
"GP127",-0.0128484162982564,-0.0128527941532832,-0.0128108128347484,-0.0128343943997595,-0.0128683878739342,-0.0128143801568215,-0.0120917897312378,-0.012708308019228,-0.0125626475818949,-0.0109589936257387,-0.0119159844077131,-0.0121965266238652,-0.0119556759329878,-0.0122304065685778,-0.0119675949277587,-0.0127595929554153,0.0269220453317929,-0.0128698995977634,-0.0121347571231979,-0.0127410078905287,-0.0127835086009252,-0.0115446054205898,-0.011801987089931,-0.000660546171254023,-0.00936151990141351,-0.00873432162816475,-0.00569033687129119,-0.0046310883193361,-0.0104005031097237,-0.0119032484068292,-0.00490189706396635,-0.0045432979022869,-0.0106113548054469,0.0136720309237955,-0.0103444487169844,0.0290105730468607,-0.00636182307942321,0.0235985790648124,0.0511806932653219,-0.00544913158756183,-0.00725196950485936,0.0654119864232391,0.0189927301475415,0.0183137302475958,-0.0115944305253153,0.0393701077912544,0.0486858694562848,0.0732363171274204,0.0664079232935729,0.0306105821173501,0.0478195341966842,-0.000610970997266723,0.0334987173023653,0.0763542051927463,-0.0113667587495883,-0.0105470946437859,-0.0123320486518484,-0.01134100034087,2.30338779274083e-05,-0.00985501006814081,0.0130690443289799,-0.00801194312931697,-0.00837500326910377,-0.00943589670806289,-0.00961578647412354,-0.0128675145187955,-0.0128184881731867,-0.0122488825142458,-0.0121189374600483,-0.0125815609246412,-0.0124003399606921,0.000381813643666016,-0.0122448477352077,-0.0126717176615393,-0.012884905202336,-0.0128614456219299,-0.0128538079174323,-0.0128079603526235,-0.012885790276467,-0.0127611255978458,-0.0127135543106544,-0.000315789135684438,0.0212360281079623,-0.011074294642243,-0.0127213099620417,-0.00650953906735571,-0.00126983141208311
"GP150",-0.00288859517241624,-0.0028818041397794,-0.00288329353187699,-0.00289062572431654,-0.0028906257877082,-0.00289062520668345,-0.00288841361584051,-0.00283114157365373,-0.00281638632992124,-0.00282335429241702,-0.00285385970571821,-0.00289062570802088,-0.00289062559445388,-0.00289062465000196,-0.00278346010329809,-0.00289062557367198,-0.00289062549723746,-0.00289062516640417,-0.00214715686986995,-0.002890424682307,-0.00288608397817312,-0.00289062579131155,-0.00288407569012056,-0.00289062414769004,-0.0028906255979468,-0.00289062554858398,-0.00285116127244409,-0.002890625649428,-0.0028906256335333,-0.00289062561653013,-0.00288283955702793,-0.00262642089675188,-0.00288771459676527,-0.00263054450226224,-0.00283755535413621,-0.00276417322398676,-0.00289062556044595,-0.00282518980688628,-0.00288044029339059,-0.00289062555232005,-0.00283445940384989,-0.00264757634466077,-0.00289062557369875,-0.00289062587314064,-0.00288117390892098,-0.00288625261312517,-0.00289062548310264,-0.00278487678179164,-0.00178272384801506,-0.00249833175335033,-0.00289062540182576,-0.00289062431746744,-0.00262663022941401,-0.0021265899999185,-0.00289062538630502,-0.00288282839803799,-0.00289062547913216,-0.00273827736916611,-0.00144838026223912,-0.00282785717807642,-0.00261320574181529,-0.00289062564013253,-0.00268745969065057,-0.00289062574441548,0.0990365837633099,-0.00289061913172459,-0.00248840330992476,-0.00284129284921208,-0.00282466840570123,-0.00239609934016172,-0.00284683846853516,-0.00116066463576283,0.134070880055037,-0.00288104769442925,-0.00288785047211707,-0.00288817030814,-0.0028646614888742,-0.0027025981935396,-0.00287013677870021,-0.00289062384982719,-0.00272902358338884,-0.00288037827057948,-0.00263208165712257,-0.00284384063186329,-0.0026566528117849,-0.00287316594086254,-0.00110104637851183
"GP151",-0.0162465187825756,-0.0160897468575153,-0.0162836341311255,-0.0164113228889872,-0.0163447517601057,-0.0161312813454836,-0.0148212771765888,-0.0161737965824317,-0.0161177063342561,-0.00796468117635059,-0.00876037689090515,-0.0162760095837255,-0.0164173985190744,0.0626739135371906,-0.0154280847022474,-0.0164173985088116,-0.00856147084064239,0.0525464028362985,-0.00109692521960112,-0.01625032721537,-0.016160781253905,-0.016275663997217,-0.0161653862220439,-0.0163231516764638,-0.016417398448414,-0.0155397752637862,-0.0160421129380227,-0.0164173985164609,-0.0156571398522361,-0.0137899140903537,-0.0151163194250089,-0.0117411095052616,-0.0157229778806634,-0.0164173984360968,-0.0161171493977078,-0.00470447225614883,-0.0164173985517989,-0.0159011127254262,-0.0161178713059485,-0.0163091430993537,-0.0154333512487964,-0.0144197824940843,-0.0151387047214644,-0.0164173984313583,-0.0163210018423912,-0.0161973043802939,-0.0160235830503141,-0.0162861062391032,-0.0153972325063875,-0.0143738192646917,-0.0157419712837218,-0.0112030462931098,-0.0127918961399007,-0.0154307156455598,-0.0163979095600446,-0.0161792199905775,-0.0162620291845185,-0.0160666608235537,-0.013875533141914,-0.0161872146002875,-0.0157706811683712,-0.0121754830135718,-0.0160867635737347,-0.0162971941163488,0.00336782653174433,0.0768570250425647,0.200908885567041,0.17506049109333,0.140704003367763,0.046399821387199,0.0151739717055694,-0.00645210743235365,-0.0147324500229136,-0.0160208054436588,-0.0154518393621678,-0.0133945297091746,0.00332366138784613,-0.00275275634080338,-0.0144652769007155,-0.0140087784459626,-0.0141994872899698,-0.0105676577945949,-0.015192331920198,-0.00970806010906517,0.262091226604412,0.00902046276179076,0.0204393750210442
"GP152",-0.00856276625413463,-0.00827211510933534,-0.00849526264761431,-0.00854740885067186,-0.00853893003492417,-0.00807399256265216,-0.00552706819070971,-0.00432741949144981,-0.00140110515071825,0.00540161633719255,0.0126796277329625,-0.000322614944148187,-0.00670320253610449,0.00412849188594399,-0.005614136236041,-0.00851968372303178,-0.00740924715644748,0.00734437861895301,0.151244871851337,-0.00847638657469504,-0.0081380486899319,-0.00855123999617573,-0.00821044233095579,-0.00842879328983197,-0.00857494221744966,-0.00855821487610969,-0.00825499525693491,-0.00848796984411608,-0.00698262063546328,-0.00686602998327905,-0.0080685377540685,-0.00808082729812298,-0.00754941133647353,-0.00855307584422445,-0.00849463842030724,-0.00857503263953283,-0.00857507367258595,-0.00847961525785014,-0.00855633187757909,-0.0084763093097152,-0.00846104465427624,-0.0085133674334869,-0.00857542427104767,-0.00812886276798387,-0.00602416547002709,-0.00836660788363132,-0.00848480637310474,-0.00826489827335558,-0.00837126791371723,-0.00781626219101948,-0.00845562215854639,-0.00419449635350799,-0.00844685246849365,-0.00852655498599535,-0.00847310729761294,-0.00844026828782324,-0.00820123268318722,-0.00850296671655945,-0.00716176867508457,-0.0085301163561759,-0.00856597120629866,-0.00595091833806493,-0.00834468062111407,-0.00852300769419489,-0.00738752885281491,-0.00516787814007521,-0.00678702618497525,0.00934565266470766,-0.00616146024775787,-0.00180994851621616,-0.00415987563805105,-0.00801485204759115,-0.00765260676170617,-0.00582362033899417,-0.000718284526426364,0.0240194226111853,0.0770868972276011,0.202967889506289,0.0168083201271198,0.0102893229233682,0.017105564179344,-0.00681682787798594,-0.00836220876660433,-0.00832926556931826,0.0053840020067112,-0.00704483314642668,-0.0049920799900766
"GP161",-0.0121379745625811,-0.0120931737640883,-0.0121261196343811,-0.01211295499274,-0.0122085813798645,-0.0113300182091606,-0.0101859672893993,-0.0106483522409017,-0.0112239858965793,0.0238528626334419,-0.00351002332988657,-0.00878822352823782,-0.0121692839959796,-0.00755188854637141,-0.0119605530836718,-0.0122085819421533,-0.0122085820172744,0.0494651616483713,0.41489929924937,-0.012139245650506,-0.0120101125546837,-0.0120398442648708,-0.0119579237806928,-0.0121346778084614,-0.0122085820073589,-0.0120167039086964,-0.0119281686156484,-0.0122085819724283,-0.0120092738525026,-0.0122085820001754,-0.0117449436138622,-0.00792866308008443,-0.0118305889310322,-0.0122085819429677,-0.0120118460538008,-0.0111315634424577,-0.011672932356841,-0.0120889301128978,-0.0121263488427981,-0.0119000527080866,-0.0120599624860778,-0.0122085818199609,-0.0122085819863777,-0.0122085817275468,-0.0119336921935844,-0.0119262300471536,-0.0118809379886572,-0.0120352017989059,-0.0117728459545436,-0.0122013421967342,-0.0122085820130412,-0.0116197026891453,-0.0113617954409664,-0.0118244170253672,-0.0120802128190048,-0.0121818504208084,-0.0121556242939693,-0.0121396011696028,-0.0111140757453216,-0.0122085818676957,-0.0120536947116021,-0.0122085819260934,-0.0120120380469725,-0.0122085817930593,-0.0056867123962797,-0.00303978622701793,0.0508476838951851,0.0418674014471583,0.111786249406254,0.151913884242274,0.0284796410108899,-0.00339079170584653,-0.0120841033837958,-0.0121581757432316,-0.0121107641742376,-0.0113100628061292,-0.0112860954172052,-0.00626675223713806,-0.0115486159793663,-0.0114365795204111,-0.0118009637255494,-0.0121607985577823,-0.0122085819589343,-0.0120085621094657,-0.000165784976428527,-0.00942194795126972,-0.00724339458654046
"GP162",-0.01652987941232,-0.0165105021120485,-0.0165360937776565,-0.0165703307490392,-0.0165703323615863,-0.0153539528310216,-0.0139797888960576,-0.0154399362667339,-0.0150231241277486,0.0138707132072661,-0.00602387310504731,-0.0144298111903405,-0.016289293909873,-0.00595339296718469,-0.0159623434184777,-0.0165703286721471,-0.0146009006676331,0.0353667285541537,0.239689292437914,-0.016532455696855,-0.0165308532523759,-0.0163817017227963,-0.0164594467621761,-0.0165466676069342,-0.0165703280049542,-0.0157398211409597,-0.0164246985093486,-0.016570328810069,-0.0162232182673865,-0.0152346274551184,-0.0158562108175318,-0.0149072250522661,-0.0164382606708427,-0.0164445994274218,-0.0163030675896239,-0.0162479755933678,-0.0165703281237304,-0.0164550791216685,-0.016414748712828,-0.0163188825947903,-0.0164433428596388,-0.0161301125101333,-0.0160655639736782,-0.0165703314675125,-0.0163542093865501,-0.0164393656857628,-0.0165210550682903,-0.0164233397106785,-0.0159400667158029,-0.0162786360362388,-0.0164723423416113,-0.0127235319288917,-0.0142552252924003,-0.0163391763888813,-0.0165058682906539,-0.0165418684993146,-0.0165703288853231,-0.016522911807619,-0.012241728003484,-0.0165372304458977,-0.0164312973161205,-0.0150570313519935,-0.0164460599155689,-0.0164411350961827,0.00220311293045654,0.106750137114153,0.066082954370375,0.165718488244974,0.0901019898506074,0.123720723090211,0.159199899005773,0.0228213001591384,-0.0160703207427153,-0.0164497105814577,-0.0154633747349766,-0.0140604806423942,-0.0148724122204383,-0.00080988634245462,-0.0153840762645752,-0.0147091620333041,-0.0148662706875853,-0.015769323718686,-0.0163294065932267,-0.0152909844054188,0.0718299410916402,-0.00377967379416973,0.0322659710809304
"GP167",-0.000217214563251768,-0.000228131496307164,-0.000257278366402698,-0.000323491791955631,-0.000267101394869251,-0.000116365463123148,-0.000198369744559075,0.000233367513838731,-0.000117012186875783,0.000621121465784114,0.000338547371327799,-0.000323491792191174,-0.000323491792538883,0.000886433816740878,-0.000299187499652195,-0.000323491791479929,0.000900589878534134,-0.000323491790815419,0.00079768887479771,-0.000256954563056734,-0.000161411935440195,-0.000109226754063807,-0.000323491791907174,-0.000176711515794442,-0.000323491792076224,-3.02023324185795e-05,-7.1730992689879e-05,-0.00032349179167918,9.7884957647597e-05,-0.000323491792839731,-0.000258327137019324,-0.000234125919296773,-0.000323491791778594,-0.000323491792023311,-0.000257272437410034,0.00576893314845998,-0.000323491792012432,5.99395272122378e-07,-4.37585457705193e-05,-0.0002178514565011,-0.000323491792147727,-0.00016039060583722,-0.000323491791902594,-0.000323491792076615,-0.0003234917924938,-7.93102429724613e-05,0.00109817459010433,1.70934555728473e-05,0.000574143182918521,0.00079771476563397,-0.00032349179250643,-0.000323491791970877,9.36856609229252e-05,-0.000323491792217177,-0.000323491766289748,-0.000323491791902989,-0.000323491791956794,-0.00019752814532039,-0.000323491793538957,-0.000285349912336061,0.000851996355963064,-0.000323491792311107,-0.000133945180243373,0.000122229138354331,-2.26693294721537e-06,-0.000323491792272971,-0.00032349179258272,0.000293165832733479,-0.000323491792182605,0.000227486393447221,-0.000323491792072635,0.000248611922069827,-0.000323491792593543,-0.000280643701647989,-0.000323491792070524,-0.00032349179192564,0.000253704158598512,0.00127664229466439,-0.00017231660911363,-0.000298452955786814,2.37635432970048e-05,-0.00012895478290388,-0.000323491792180458,-2.09792846260297e-05,7.96361741022771e-05,-0.000323491792297432,0.000350387882242803
"GP170",-0.049654871684436,-0.0465397134607375,-0.0493015953506886,-0.0478469689653019,-0.0506769256780146,-0.0412626928291124,0.0313790147323346,-0.00404762307953149,-0.01518957091381,0.0377244160804128,0.138755957020992,0.0619546418743835,0.0313921595649111,0.018367777010873,-0.0220424840992898,-0.0435295182982073,-0.0162996853052978,0.128535151307578,0.203273485054539,-0.0403000687676483,-0.0393579854987678,-0.0333668757892029,-0.0350693807794351,-0.0516082949820903,-0.0470431180337133,-0.027628099399121,-0.0109097417157686,0.0109050955215288,0.00563094727434854,0.0262230429854515,-0.00877884367195549,0.0495786345342844,0.00064551985758686,0.00778972727380114,-0.023971354946723,-0.0211731617452723,-0.033318846015141,-0.00289761810232894,-0.040020752681918,-0.0161192780878115,-0.0218263858013474,-0.0118005032585017,-0.0117100342799039,0.0160305156898437,-0.0498500567818353,-0.0478057000733765,-0.0430428071417807,-0.0448686323340444,-0.011912833005167,-0.00996545864067852,-0.033651012140775,0.0308311233488185,-0.0330382422431892,0.00047268343020665,0.130003289562923,-0.0178058603444356,0.01934473820209,-0.0127889657279178,0.00893588055518417,-0.0144820310078035,-0.0502303625210485,6.78237922637354e-05,0.0699160098184567,-0.0275796091576855,0.0374017877917603,0.000630640529517848,-0.0448763390639113,-0.0049194849235452,-0.0319204238736267,-0.0334689721478761,0.0137750073311857,0.0588600419460347,-0.0189897408312453,-0.0334116298543607,-0.0252493956661812,-0.0242905735484112,0.0173968675471783,0.0247624842523168,0.0612047518793061,0.0352326675726865,0.0542844498982803,0.0263838723366119,-0.0420723375441151,-0.0101408141863766,-0.00692137938267512,0.0271981322273037,0.151686317558146
"GP171",0.0336067894687414,0.0246824366310505,0.0260045326200202,0.0240222015996646,0.0398620738195617,0.0305017490443466,0.0268986490250327,0.0109025949445276,0.0174644595392775,0.0553778153814941,-0.00706858855011588,0.0271093725440935,0.00717203031249453,-0.0175703507584318,0.0540210051979513,-0.0247171570128051,-0.0324278169091222,-0.0165158647042253,0.0028779681110799,0.0235341556328024,0.0135728957130972,0.038619242823349,0.0266185304771537,0.0133586394973422,0.0125837383050872,0.00810149826148587,-0.00693301573877261,-0.000211254736848548,0.0174471771978502,0.00208981938442335,0.0505310613229428,-0.0145633833351653,-0.0241910189811147,-0.0129524710743796,0.0590418772410052,-0.0251980329212508,0.0091256532857488,-0.0277812173587068,-0.0280459786695215,-0.0964106147911424,-0.100489465319087,-0.0721887040266768,-0.0176021469365613,-0.00990574000279928,0.0326859526916823,-0.0228665906461711,-0.0234763604001658,-0.0382418704836345,-0.0694451869861588,-0.031834263431438,-0.0358692833161213,-0.00195563781135977,0.0310553946365035,0.0101056294231142,-0.0707951426422061,-0.100126393077302,-0.0867692589852351,-0.0980760710343887,-0.0570922662830217,-0.0548122216430114,-0.00336420511465921,0.00565533635857562,0.0140943692256663,0.0330515127134579,-0.0170324891275629,0.0409619417939021,-0.0167010277285541,0.0444866280470563,-0.00156668636150789,0.0174114442703406,0.0393941440265218,0.0158225433153865,-0.0581703458842536,0.0138903400496603,0.00677310797565928,0.0174050477747908,-0.00178351044267888,0.023012727515916,0.0231117401588577,0.0631335661404655,0.0559575309511038,0.0103193116259248,-0.00753416825891318,0.0141794085214358,0.0507142501685175,0.0614009754620139,0.0525349312568916
"GP174",-0.0309652354155757,-0.0257711538976678,-0.0346917190406981,-0.0052151764433796,-0.023253720927736,0.055510144432127,-0.0251161149359122,-0.00545029622274056,0.0300371569859258,0.0218535860943697,0.0295528762674328,0.0466025089683294,0.0147781457186471,-0.0181889273856155,-0.0131496036059935,-0.0343254628594348,-0.0194863967660151,0.0474177379805263,0.0980511337626557,-0.0326348283020695,-0.00739884314068773,-0.00312519916604329,0.0771710293560568,-0.0393666208255735,-0.0199608710781386,-0.0301502960759078,-0.0227746878883343,-0.0315858638949577,-0.00114932829675472,0.0207593295274137,0.000676874639533892,-0.013440707976527,0.00886104344967047,-0.0244951836513923,-0.0128418888945077,-0.0234135707081909,0.0015644362884245,-0.0254508607015732,-0.00757412590801493,-0.0285094345949472,-0.0194206782586738,-0.0199013329369966,-0.0263209509483291,-0.0146191146696579,-0.0112762683248511,0.00542913825318288,-0.033768345584769,-0.0324832673904882,0.0527708013827245,0.0845834902282511,0.0312729163943033,0.0579221827328391,-0.0235356085042805,0.0136426379335173,-0.0369571550122793,-0.0196675062234666,-0.0365896791487502,-0.0138988091146996,-0.0137726070717714,-0.01798485641385,-0.0130190180380145,-0.0126265584637936,-0.0160719895779771,-0.00722206810220663,-0.00629466880890671,-0.0216895852765781,0.0193295534741043,0.032317248961203,0.125945524887246,-0.0247302636897071,-0.0161040458064942,-0.00293448009069483,-0.026382149544904,-0.000669929879816372,0.00302384152612464,0.103895415889957,0.0397875908205588,0.0244493580122757,0.0010572163755992,0.0378525439602461,0.012727463960356,0.0073680172183928,-0.0318134621071509,-0.0365179727937505,-0.0180465667890299,-0.00262577227365639,0.0102198839679374
"GP177",-0.0230059758085766,-0.0227527591153265,-0.0229808446674566,-0.0230942382492819,-0.0229811562687905,-0.0194215315288962,-0.0120732192264298,-0.0128105803371796,0.004597574146931,0.0205039197469154,0.0277207966587497,0.00751567156142364,-0.0114015760689692,0.107328131084238,-0.0198235739952975,-0.0231373176422569,-0.020943951796762,0.177327292068102,0.158402763268472,-0.0229927055356868,-0.0226662312479649,-0.0228991080584416,-0.0218266807366989,-0.0228849435518439,-0.023137302172859,-0.0214352872800057,-0.0220907785990168,-0.0228289696487011,-0.0153510994757032,-0.01775491306021,-0.0186810689705569,0.000169500582899065,-0.0156397737391283,-0.0223522521985277,-0.021890662494472,-0.0227571849047845,-0.0217614358324232,-0.0225811487504809,-0.0184871084572234,-0.0229979517876337,-0.0229602305965235,-0.0223489327944787,-0.0219505900441588,-0.0221672940872844,-0.0216659752057458,-0.018231423042752,-0.022922586463731,-0.0223509840465962,0.0143429254054461,-0.0119261523673508,-0.0192942550849927,-0.00987930354837698,-0.018636751823957,-0.0147581706602038,-0.0229790216524842,-0.0230555454473977,-0.0228208708794937,-0.0229168561222186,-0.0193337042031964,-0.022650873763618,-0.0209871497970306,-0.0204031240851315,-0.0220978443501808,-0.0229040264931953,0.0561969585442584,-0.0107255131977206,0.183753534657326,0.0760056849902878,0.163791043875031,0.0334049706989246,-0.00779717015396574,-0.0120826877976791,0.0812465993510029,-0.0214612452173442,-0.0101785277324656,0.0083430227991467,0.0340967020521341,0.0404303989590233,0.00183811664496662,-0.00661596421998545,-0.00761895406561587,-0.0120445760583949,-0.0199565169709565,-0.0208737332568214,0.0513738388320848,-0.00841310217744123,0.016063542688713
"GP179",-1.71888237714208e-05,-1.78023411467351e-05,-1.83514936792809e-05,-1.8354879590481e-05,-1.83548712156581e-05,-1.83548895052878e-05,-1.83548884062125e-05,-1.83548825043369e-05,-1.83548637088389e-05,-1.83548720192274e-05,-1.83548842533067e-05,-1.83548875588848e-05,-1.83548908033812e-05,-1.83548415727298e-05,-1.83142858096518e-05,-1.83548894038523e-05,-1.83548889356844e-05,-1.83548922911304e-05,-1.83548814080587e-05,-1.83548880715051e-05,-1.83548826409083e-05,-1.8354891104591e-05,-1.83548900859825e-05,-1.83548876969552e-05,-1.83526410801928e-05,-1.83548901238588e-05,-1.8354888498266e-05,-1.8354891490316e-05,-1.83548886877426e-05,-1.83548683696955e-05,-1.83548893776023e-05,-1.83548875754975e-05,-1.83548839257673e-05,-1.83548881647363e-05,-1.83548820922926e-05,-1.83548853916111e-05,-1.83548887238227e-05,-1.83547742928488e-05,-1.83548885008698e-05,-1.83548876327072e-05,-1.83548895728157e-05,-1.83548351809591e-05,-1.83548412487038e-05,-1.83548889271217e-05,-1.83548796043621e-05,-1.60072337264168e-05,-1.83548879670532e-05,-1.83548875518378e-05,-1.83548861264064e-05,-1.8354866313258e-05,-1.83548880268709e-05,-1.83548905459655e-05,-1.83548859025314e-05,-6.92273395293539e-06,-1.83538556768785e-05,-1.83548888244502e-05,-1.83548896752944e-05,-1.43516445748666e-05,-1.83548473574407e-05,-1.8129448832886e-05,-1.8354888619618e-05,-1.83548865964086e-05,-1.45406374776523e-05,-1.8354812009123e-05,0.000619583454124871,-1.83548641494659e-05,-1.8354495290046e-05,0.000585697354208037,-1.83548910451578e-05,-1.8354881686081e-05,-1.83548845298328e-05,-1.43403928849254e-05,-1.1353648511195e-05,-1.83547931760436e-05,-1.15393402296542e-05,-1.83548889214017e-05,-1.83385120410749e-05,-1.83548828798296e-05,-1.83548886786693e-05,-1.83548879005271e-05,-1.83546614666897e-05,-1.68119821422585e-05,-1.83548917334033e-05,-1.83542500247662e-05,0.000293548650076382,-1.83548862678555e-05,-1.83548294466284e-05
"GP183",-0.000133430063198466,-1.59331169892365e-05,-0.000165264927738644,-0.000186900990087364,-9.10625869615116e-05,-0.000141457086705905,7.63853770252931e-05,-0.000186900953771075,-1.81276231919731e-06,-1.46343826707677e-05,0.000137454536598164,0.00037106740561004,-0.000186900994088834,-0.00014833422331907,-0.00015111328129834,-0.000186900991070951,-0.000186900988919579,0.000150921175587745,0.00152715207676407,-0.000127318314716375,-2.30758189479948e-05,-0.000131458654750231,-9.80181738336431e-05,-0.000155607685613433,-0.000186900986096383,-0.000186900986826771,2.36696242523935e-05,-0.000186900991236068,0.000179760054334796,1.60874253531339e-05,0.000251137803810503,-0.00012912666805951,-4.76778253336197e-05,-0.000186900990252171,-0.000146067306693104,-0.000186900987513205,-0.000186900988885741,-0.000106439112280508,-0.000186900985601823,-0.000132095868233567,-0.000186900995966314,-0.0001869009986115,-0.000186900999075739,-0.000186900998735843,-5.11169703109419e-05,-0.000186900986795168,-0.00016659426104874,-2.57609487059965e-05,0.00032194670218409,-0.000186900988257784,-0.000186900985997904,-0.000186900986810277,-0.000186900999776489,-0.000186900991018903,-0.000186900985161969,-0.000100841936454007,-0.000186900991217435,-8.05969926683872e-05,-4.05554407978561e-05,-7.94095162794658e-05,-5.61348116447444e-05,-0.000186900988924514,-0.000186900987356987,-0.000186900990826349,0.000634306466089032,-0.000186900993575436,-0.000186900955336357,0.000102962628958186,-0.000186900963671734,-0.000181141736947239,-0.000186900979769945,-3.03794515955548e-05,0.0034795180524929,-0.000186900987837213,1.05656508232035e-05,-8.34692751031554e-05,0.000337375164191672,1.53978989986622e-05,0.00051504497856808,0.00078631129449993,0.000403158661604589,-0.000134760887462843,-0.000186900984084755,-0.000186900990431056,0.000176596644095251,1.54050154672321e-05,-0.000186900985037271
"GP187",-0.000253686846670542,-0.000241056512212247,-0.000243636490684593,-0.000283073322406483,-0.000278664002942407,-7.29806682487843e-05,0.000338928296550301,0.00259779316755769,0.0116863018817631,0.000466308734769447,-2.49103091310521e-05,-8.8083336876221e-05,-0.000283073249465089,-4.76259721708436e-05,0.000308331144448395,-0.000283073248381894,-0.000283073325540679,-0.000269004784943436,-0.000283072852828812,-0.000248724125550532,-0.00022289600116297,-0.000282374075793032,-0.00023807541014195,-0.000222550316604255,-0.000283073310035193,-0.000118428026287034,-0.000152688645318251,-0.000283073280075858,-0.000157869832229638,-0.000283073360010608,-0.000260423136153529,-0.000174836576070805,-0.000283073306131375,-0.00028307333779964,-0.000231521207788999,-0.000283073327126864,-0.000283073278422044,-0.000242141346282058,-0.000267049540486314,-0.00020519279988867,-0.000280578589472279,-0.000283073335322663,-0.000283073344092949,-0.000283073264698663,-0.000218157242382926,-0.000260121801480377,-0.000209351724885724,-0.000283073328888154,-0.000283073305417225,-0.000283073297889574,-0.00028307329697048,0.000189619242940788,-0.000283073356433773,-0.00028005085089463,-0.000283073347059501,-0.000281757761703013,-0.000283073304389561,-0.000283073200337992,-4.90610400619504e-05,-0.000281778491444168,-0.000265900652977568,-0.00028307331721613,-0.000283073360793563,-0.000283073329718928,0.000214695072023239,-3.45623165397293e-05,-0.000151809493765307,0.000798770129431932,-0.000283073058574505,-0.000252940178481925,-0.000283073195390512,-0.000283073093725457,0.000232080227107873,-0.000206719706282986,0.000211043587063113,-9.24803144048198e-05,-0.000253630622043117,-0.00027959396086123,-0.000281989374569095,0.000289544738989021,0.000252835421469079,-0.000282128333955031,-0.000283073313542015,-4.74152395501029e-05,-0.000239316987617968,-1.72155226527175e-05,-0.000283073225762954
"GP196",-0.000853677566883458,-1.75445675339571e-05,-0.000670913416288243,-0.000837525041180152,-0.000814960100060058,-0.000910125887291717,-0.000625431503331469,-0.000910125887126166,-0.000557032917855225,-0.00091012588461755,0.000306635852387263,-0.000910125885239041,0.00161741015430306,0.000578733280871207,-0.000534308065247406,-0.000910125887797263,-0.000910125887303417,-0.000910125887408926,-0.000910125866303794,-0.000749955178316047,3.29626455772129e-06,-0.000702264307121587,-0.000910125887489296,-0.000870608971336572,0.000314436596239139,-0.000481859103845541,0.00099283726032314,-0.000910125886126429,-0.000662259093687249,-0.000910125887609323,-0.000713327790361349,9.45974180493284e-05,0.000446174625416036,-0.000146302224143865,-0.000563838762055827,-0.000910125887095024,-0.0009101258864764,0.000507918973622438,-0.00091012588818052,-0.000910125888219656,0.000107822059932018,0.000612801395992987,-0.000910125888424538,-0.000910125889229037,-0.000910125866532253,0.000381919493617193,-0.000526306486346258,-0.000574160171863592,0.000399443740275677,0.000277279282235164,0.000797728108083197,-0.000910125885097213,-0.00046677015768465,0.0036608319425538,-0.000735017142270509,-0.000567929007036336,-0.000757318437442513,0.00190929326188609,0.00704377335964273,-0.000191215572767176,-0.000910125887828472,-0.000910125888083844,0.000231012672986942,-0.000910125887369313,0.000987872221071075,-0.000550406936384,0.00302065581319521,-0.000615968991856217,0.00465468680356829,-0.000783657009953593,-0.000910125887763053,0.00375657134864804,0.00714309570169686,-0.000868186624499638,-0.0009101258863434,-0.000910125882871727,-0.000300990071937251,-0.000910125853911256,-0.000346591182206347,-0.000910125884365873,0.00193603574057775,0.000559615825360501,-0.00018872981893302,-0.000770418919242978,0.00107726969152108,-0.000910125886650042,0.000109251009812656
"GP197",-0.00135901943446383,-0.000155908020864681,-0.0010483990906092,-0.00113593498140141,-0.00139306212179072,-0.00142437517474407,-0.00115575383563639,-0.00130857646764955,-0.0011132368128652,-0.00124177988917312,-0.000321747133326103,-0.00115797472510048,0.00123775616065121,-0.00112771870272646,-0.000823362282215959,-0.00135572479173021,-0.00135888984978886,-0.00126020549122723,-0.00141251602979472,-0.00132042693260396,-0.000173860955351671,-0.00140005098155402,-0.0014596979215207,-0.00132518473971427,-0.00131082446216237,-0.00107335169245051,-0.000127517561762437,-0.000707393404852243,-0.0010436142858609,-1.89796287058633e-05,-0.00122504076616818,-1.81076252206082e-05,0.000118263682133824,-0.000359421746116781,-0.000837771788286179,-0.00120779297124688,-0.00153471386766676,0.000366968856890301,-0.00134899325956554,-0.000445329636177285,0.0011344358058841,0.000772302085463005,-0.000905717824744638,-0.00148749245931496,-0.000814084412028043,0.000511976772928326,-0.000550717673142649,-0.000790217120992183,0.00134528678637214,0.00114239289610841,0.000328697239013315,0.000269395035868781,-0.00103224176665108,0.00255571088026406,-0.00128368219947647,0.000109445323085489,-0.000321742224938919,0.0046971346169742,0.0113417318143291,0.000229536991851129,-0.00134381717648923,-0.00130841003311458,0.000271775604527706,-0.00139525596978389,0.00730846437741431,-0.00125639848299205,0.00160287068189804,-0.000568108269187886,-0.000657826507452601,-0.0014173114125371,-0.00137063082658983,0.00443027102554292,0.0200796477762453,-0.00140558105095297,-0.000919912913912019,-0.00138412041397038,-0.00034589263251799,-0.000106858281041909,-0.00110076343815493,-0.00144554324902084,0.000523222701956741,0.000485334925257964,-0.000893085455246424,-0.00130225124204036,-0.000274168379962134,-0.00114541906717069,0.00305688750486176
