"panel","lineage","drawn_in_4c","cluster","n_cells","gp","color","mean_loading","proportion"
"a","CD8",FALSE,"CD8.A",44112,"GP2","#0000FFFF",0.0240734025030746,0.0280359348280848
"a","CD8",FALSE,"CD8.B",16066,"GP2","#0000FFFF",0.0147144584335584,0.0185480327828762
"a","CD8",FALSE,"CD8.C",2600,"GP2","#0000FFFF",0.0224554516476518,0.0211655451797268
"a","CD8",FALSE,"CD8.D",2195,"GP2","#0000FFFF",0.0142728307526972,0.0136734279943287
"a","CD8",FALSE,"CD8.E",10027,"GP2","#0000FFFF",0.0175935155355099,0.0155184466872972
"a","CD8",FALSE,"CD8.F",266,"GP2","#0000FFFF",0.0221385198643067,0.0156727886337196
"a","CD8",FALSE,"CD8.G",997,"GP2","#0000FFFF",0.00610625213925785,0.00485663105782545
"a","CD8",FALSE,"CD8.H",1366,"GP2","#0000FFFF",0.0093044917651679,0.00793741414316476
"a","CD8",FALSE,"CD8.I",198,"GP2","#0000FFFF",0.00694393398996299,0.00502576012242118
"a","CD8",FALSE,"CD8.J",1203,"GP2","#0000FFFF",0.00736614202443847,0.00475540230307926
"a","CD8",FALSE,"CD8.K",214,"GP2","#0000FFFF",0.00272950168079428,0.00139553323534603
"a","CD8",FALSE,"CD8.Q",2445,"GP2","#0000FFFF",0.00819661870639335,0.00736213596261052
"a","CD8",FALSE,"CD8.R",1006,"GP2","#0000FFFF",0.00935627388510422,0.00808537152015707
"a","CD8",FALSE,"CD8.T",901,"GP2","#0000FFFF",0.0110856010469865,0.0105798817369494
"a","CD8",FALSE,"CD8.wV",481,"GP2","#0000FFFF",0.00327483988915018,0.00354404837764094
"a","CD8",FALSE,"CD8.wY",234,"GP2","#0000FFFF",0.00784212930216967,0.00567979247858105
"a","CD8",FALSE,"CD8.P",2393,"GP2","#0000FFFF",0.0279020925296778,0.0164218555386991
"a","CD8",FALSE,"CD8.A",44112,"GP5","#FF0000FF",0.000364108207871965,0.00042404117926269
"a","CD8",FALSE,"CD8.B",16066,"GP5","#FF0000FF",0.000222830039931463,0.00028088420000782
"a","CD8",FALSE,"CD8.C",2600,"GP5","#FF0000FF",0.00275036635041652,0.00259237730614199
"a","CD8",FALSE,"CD8.D",2195,"GP5","#FF0000FF",0.0013968532056459,0.0013381908646564
"a","CD8",FALSE,"CD8.E",10027,"GP5","#FF0000FF",0.00186418925231105,0.00164431727522745
"a","CD8",FALSE,"CD8.F",266,"GP5","#FF0000FF",0.00181519052461671,0.00128504965989691
"a","CD8",FALSE,"CD8.G",997,"GP5","#FF0000FF",0.000371623652971558,0.000295572297652218
"a","CD8",FALSE,"CD8.H",1366,"GP5","#FF0000FF",0.00108929739631138,0.000929250600442493
"a","CD8",FALSE,"CD8.I",198,"GP5","#FF0000FF",0.000581129978939564,0.00042060017827351
"a","CD8",FALSE,"CD8.J",1203,"GP5","#FF0000FF",0.0010275022951949,0.000663330514776698
"a","CD8",FALSE,"CD8.K",214,"GP5","#FF0000FF",0.0820627306013354,0.041956840965962
"a","CD8",FALSE,"CD8.Q",2445,"GP5","#FF0000FF",0.00068998564231289,0.000619739467323816
"a","CD8",FALSE,"CD8.R",1006,"GP5","#FF0000FF",0.000720364062738745,0.00062251395678843
"a","CD8",FALSE,"CD8.T",901,"GP5","#FF0000FF",0.00245351127376926,0.00234158337529271
"a","CD8",FALSE,"CD8.wV",481,"GP5","#FF0000FF",0.00559161493611603,0.00605127411217571
"a","CD8",FALSE,"CD8.wY",234,"GP5","#FF0000FF",0.000562571462697232,0.000407451731458705
"a","CD8",FALSE,"CD8.P",2393,"GP5","#FF0000FF",0.189732249223323,0.111667452341212
"a","CD8",FALSE,"CD8.A",44112,"GP10","#00FF00FF",0.00032985283144972,0.000384147296345104
"a","CD8",FALSE,"CD8.B",16066,"GP10","#00FF00FF",0.000302552508115959,0.000381376852190347
"a","CD8",FALSE,"CD8.C",2600,"GP10","#00FF00FF",0.000253619946165437,0.000239051278650446
"a","CD8",FALSE,"CD8.D",2195,"GP10","#00FF00FF",0.000934130965464111,0.000894901138733993
"a","CD8",FALSE,"CD8.E",10027,"GP10","#00FF00FF",0.00432940248311533,0.0038187706991518
"a","CD8",FALSE,"CD8.F",266,"GP10","#00FF00FF",0.00541679389376083,0.00383477605050789
"a","CD8",FALSE,"CD8.G",997,"GP10","#00FF00FF",0.0140539315807306,0.0111778483827603
"a","CD8",FALSE,"CD8.H",1366,"GP10","#00FF00FF",0.198875774373664,0.169655626990378
"a","CD8",FALSE,"CD8.I",198,"GP10","#00FF00FF",0.323311043013162,0.23400045989242
"a","CD8",FALSE,"CD8.J",1203,"GP10","#00FF00FF",0.0577095548116806,0.0372558863175143
"a","CD8",FALSE,"CD8.K",214,"GP10","#00FF00FF",0.0881684055625878,0.045078536179635
"a","CD8",FALSE,"CD8.Q",2445,"GP10","#00FF00FF",0.00585611270190779,0.00525991258934457
"a","CD8",FALSE,"CD8.R",1006,"GP10","#00FF00FF",0.0141312384461138,0.0122117323925992
"a","CD8",FALSE,"CD8.T",901,"GP10","#00FF00FF",0.000752203726321381,0.00071788858654049
"a","CD8",FALSE,"CD8.wV",481,"GP10","#00FF00FF",0.0054416781945712,0.00588901180818301
"a","CD8",FALSE,"CD8.wY",234,"GP10","#00FF00FF",0.0275121915577035,0.0199261619717864
"a","CD8",FALSE,"CD8.P",2393,"GP10","#00FF00FF",0.0381012602730551,0.0224246045840818
"a","CD8",FALSE,"CD8.A",44112,"GP15","#000033FF",0.0628332237974239,0.0731757036504522
"a","CD8",FALSE,"CD8.B",16066,"GP15","#000033FF",0.0466817875794174,0.0588438460236897
"a","CD8",FALSE,"CD8.C",2600,"GP15","#000033FF",0.0398770608666542,0.0375864064838859
"a","CD8",FALSE,"CD8.D",2195,"GP15","#000033FF",0.301341466198199,0.288686309755889
"a","CD8",FALSE,"CD8.E",10027,"GP15","#000033FF",0.1026258723148,0.0905216541310452
"a","CD8",FALSE,"CD8.F",266,"GP15","#000033FF",0.166968530498909,0.118204039973389
"a","CD8",FALSE,"CD8.G",997,"GP15","#000033FF",0.0774614490726291,0.0616092606022027
"a","CD8",FALSE,"CD8.H",1366,"GP15","#000033FF",0.047426568067484,0.0404583422331419
"a","CD8",FALSE,"CD8.I",198,"GP15","#000033FF",0.04304645828352,0.0311554190701537
"a","CD8",FALSE,"CD8.J",1203,"GP15","#000033FF",0.051391934961002,0.033177384452057
"a","CD8",FALSE,"CD8.K",214,"GP15","#000033FF",0.0908450795925279,0.0464470598172105
"a","CD8",FALSE,"CD8.Q",2445,"GP15","#000033FF",0.0528269352235396,0.0474487216662111
"a","CD8",FALSE,"CD8.R",1006,"GP15","#000033FF",0.0571447925147146,0.0493825729769786
"a","CD8",FALSE,"CD8.T",901,"GP15","#000033FF",0.0857555692107367,0.0818434450860032
"a","CD8",FALSE,"CD8.wV",481,"GP15","#000033FF",0.0540663221314301,0.0585108486890426
"a","CD8",FALSE,"CD8.wY",234,"GP15","#000033FF",0.0403524355316999,0.0292259220671056
"a","CD8",FALSE,"CD8.P",2393,"GP15","#000033FF",0.151852211899605,0.0893730491501615
"a","CD8",FALSE,"CD8.A",44112,"GP16","#FF00B6FF",0.0189524865430995,0.0220721054069788
"a","CD8",FALSE,"CD8.B",16066,"GP16","#FF00B6FF",0.00506030811179544,0.00637867585632493
"a","CD8",FALSE,"CD8.C",2600,"GP16","#FF00B6FF",0.0243007691474938,0.0229048622741541
"a","CD8",FALSE,"CD8.D",2195,"GP16","#FF00B6FF",0.0135426840922331,0.0129739446220293
"a","CD8",FALSE,"CD8.E",10027,"GP16","#FF00B6FF",0.00657857792476146,0.00580266693132414
"a","CD8",FALSE,"CD8.F",266,"GP16","#FF00B6FF",0.236724088007231,0.167586930769889
"a","CD8",FALSE,"CD8.G",997,"GP16","#FF00B6FF",0.00938866464930311,0.00746731043648899
"a","CD8",FALSE,"CD8.H",1366,"GP16","#FF00B6FF",0.0122769733707922,0.0104731590427524
"a","CD8",FALSE,"CD8.I",198,"GP16","#FF00B6FF",0.00607750818298489,0.00439867347729448
"a","CD8",FALSE,"CD8.J",1203,"GP16","#FF00B6FF",0.03442581036388,0.0222244666674404
"a","CD8",FALSE,"CD8.K",214,"GP16","#FF00B6FF",0.0229644396196065,0.0117412049773614
"a","CD8",FALSE,"CD8.Q",2445,"GP16","#FF00B6FF",0.0132424070586031,0.0118942218407239
"a","CD8",FALSE,"CD8.R",1006,"GP16","#FF00B6FF",0.0698656493717736,0.0603755018936714
"a","CD8",FALSE,"CD8.T",901,"GP16","#FF00B6FF",0.00384228687408169,0.00366700376054649
"a","CD8",FALSE,"CD8.wV",481,"GP16","#FF00B6FF",0.00737116630934974,0.00797711365570047
"a","CD8",FALSE,"CD8.wY",234,"GP16","#FF00B6FF",0.0846603025402384,0.0613166311182099
"a","CD8",FALSE,"CD8.P",2393,"GP16","#FF00B6FF",0.0164424743873039,0.00967726484312474
"a","CD8",FALSE,"CD8.A",44112,"GP20","#005300FF",0.000172969874584808,0.000201441077158175
"a","CD8",FALSE,"CD8.B",16066,"GP20","#005300FF",7.32873362949739e-05,9.23809681686065e-05
"a","CD8",FALSE,"CD8.C",2600,"GP20","#005300FF",0.00199745283749332,0.00188271333570614
"a","CD8",FALSE,"CD8.D",2195,"GP20","#005300FF",0.000150413497964735,0.00014409672260755
"a","CD8",FALSE,"CD8.E",10027,"GP20","#005300FF",0.0002909356154548,0.00025662118686619
"a","CD8",FALSE,"CD8.F",266,"GP20","#005300FF",0.000443953788139321,0.000314293544794063
"a","CD8",FALSE,"CD8.G",997,"GP20","#005300FF",6.62784594481739e-08,5.27148269150819e-08
"a","CD8",FALSE,"CD8.H",1366,"GP20","#005300FF",0.000167362421665924,0.000142772425006434
"a","CD8",FALSE,"CD8.I",198,"GP20","#005300FF",6.98537921332465e-08,5.055756627448e-08
"a","CD8",FALSE,"CD8.J",1203,"GP20","#005300FF",0.000485379899498177,0.000313349469000765
"a","CD8",FALSE,"CD8.K",214,"GP20","#005300FF",0.130296170671493,0.0666175213922107
"a","CD8",FALSE,"CD8.Q",2445,"GP20","#005300FF",2.3888077174153e-05,2.14560757723513e-05
"a","CD8",FALSE,"CD8.R",1006,"GP20","#005300FF",0.000110952930973587,9.58817237704024e-05
"a","CD8",FALSE,"CD8.T",901,"GP20","#005300FF",6.76525948487782e-08,6.45663189270554e-08
"a","CD8",FALSE,"CD8.wV",481,"GP20","#005300FF",0.000811365167317435,0.000878063509129884
"a","CD8",FALSE,"CD8.wY",234,"GP20","#005300FF",6.50681735442657e-08,4.71267060834456e-08
"a","CD8",FALSE,"CD8.P",2393,"GP20","#005300FF",0.105605896246356,0.0621546491664702
"a","CD8",FALSE,"CD8.A",44112,"GP25","#FFD300FF",0.0542668939216114,0.0631993379878301
"a","CD8",FALSE,"CD8.B",16066,"GP25","#FFD300FF",0.0517969113981022,0.0652916187844635
"a","CD8",FALSE,"CD8.C",2600,"GP25","#FFD300FF",0.0703542652292082,0.0663129115664438
"a","CD8",FALSE,"CD8.D",2195,"GP25","#FFD300FF",0.0549370572354622,0.0526299168920962
"a","CD8",FALSE,"CD8.E",10027,"GP25","#FFD300FF",0.0569120848844038,0.0501995836681401
"a","CD8",FALSE,"CD8.F",266,"GP25","#FFD300FF",0.0484057890056245,0.0342684924007381
"a","CD8",FALSE,"CD8.G",997,"GP25","#FFD300FF",0.109218526818521,0.0868673741830192
"a","CD8",FALSE,"CD8.H",1366,"GP25","#FFD300FF",0.0929712699750378,0.079311314559967
"a","CD8",FALSE,"CD8.I",198,"GP25","#FFD300FF",0.15504585787459,0.112216402226607
"a","CD8",FALSE,"CD8.J",1203,"GP25","#FFD300FF",0.238695795418847,0.154096205517657
"a","CD8",FALSE,"CD8.K",214,"GP25","#FFD300FF",0.349944921734639,0.178919021101003
"a","CD8",FALSE,"CD8.Q",2445,"GP25","#FFD300FF",0.115066452064005,0.10335174724788
"a","CD8",FALSE,"CD8.R",1006,"GP25","#FFD300FF",0.108153452806472,0.093462510596264
"a","CD8",FALSE,"CD8.T",901,"GP25","#FFD300FF",0.0815421522146289,0.0778222419650961
"a","CD8",FALSE,"CD8.wV",481,"GP25","#FFD300FF",0.0558048399027041,0.0603922814599078
"a","CD8",FALSE,"CD8.wY",234,"GP25","#FFD300FF",0.0688129857980838,0.0498389485948067
"a","CD8",FALSE,"CD8.P",2393,"GP25","#FFD300FF",0.189721524969826,0.111661140551459
"a","CD8",FALSE,"CD8.A",44112,"GP26","#009FFFFF",0.0466217129182863,0.0542957442257618
"a","CD8",FALSE,"CD8.B",16066,"GP26","#009FFFFF",0.0411944934352276,0.0519269409853367
"a","CD8",FALSE,"CD8.C",2600,"GP26","#009FFFFF",0.0807562253250068,0.0761173528139376
"a","CD8",FALSE,"CD8.D",2195,"GP26","#009FFFFF",0.0620127642912039,0.0594084720793609
"a","CD8",FALSE,"CD8.E",10027,"GP26","#009FFFFF",0.0826146741776771,0.0728706786444744
"a","CD8",FALSE,"CD8.F",266,"GP26","#009FFFFF",0.0865486482757067,0.0612714255186623
"a","CD8",FALSE,"CD8.G",997,"GP26","#009FFFFF",0.169657277338245,0.134937566205245
"a","CD8",FALSE,"CD8.H",1366,"GP26","#009FFFFF",0.150083085662777,0.128031883616594
"a","CD8",FALSE,"CD8.I",198,"GP26","#009FFFFF",0.131773606890592,0.0953728159938729
"a","CD8",FALSE,"CD8.J",1203,"GP26","#009FFFFF",0.168171676815301,0.108567548193744
"a","CD8",FALSE,"CD8.K",214,"GP26","#009FFFFF",0.101972484908986,0.0521362535816064
"a","CD8",FALSE,"CD8.Q",2445,"GP26","#009FFFFF",0.255767285914097,0.229728086804712
"a","CD8",FALSE,"CD8.R",1006,"GP26","#009FFFFF",0.238475820957834,0.206082638740227
"a","CD8",FALSE,"CD8.T",901,"GP26","#009FFFFF",0.0777627286760389,0.0742152337476215
"a","CD8",FALSE,"CD8.wV",481,"GP26","#009FFFFF",0.132996025651369,0.143928975124564
"a","CD8",FALSE,"CD8.wY",234,"GP26","#009FFFFF",0.186968651276337,0.135415152993712
"a","CD8",FALSE,"CD8.P",2393,"GP26","#009FFFFF",0.108358978205232,0.0637749833463089
"a","CD8",FALSE,"CD8.A",44112,"GP29","#9A4D42FF",0.0427985481555264,0.0498432785590545
"a","CD8",FALSE,"CD8.B",16066,"GP29","#9A4D42FF",0.0426055198660047,0.0537055837137615
"a","CD8",FALSE,"CD8.C",2600,"GP29","#9A4D42FF",0.0668074641904153,0.0629698490973385
"a","CD8",FALSE,"CD8.D",2195,"GP29","#9A4D42FF",0.0505547053494367,0.048431606550046
"a","CD8",FALSE,"CD8.E",10027,"GP29","#9A4D42FF",0.0492782561689506,0.0434661276001011
"a","CD8",FALSE,"CD8.F",266,"GP29","#9A4D42FF",0.0479327581459163,0.0339336139749501
"a","CD8",FALSE,"CD8.G",997,"GP29","#9A4D42FF",0.0555130308027206,0.0441525019540516
"a","CD8",FALSE,"CD8.H",1366,"GP29","#9A4D42FF",0.0659926872456901,0.0562966040821615
"a","CD8",FALSE,"CD8.I",198,"GP29","#9A4D42FF",0.0611572483314694,0.044263332616004
"a","CD8",FALSE,"CD8.J",1203,"GP29","#9A4D42FF",0.0534661305007578,0.0345164346922054
"a","CD8",FALSE,"CD8.K",214,"GP29","#9A4D42FF",0.054622769073521,0.0279274016151358
"a","CD8",FALSE,"CD8.Q",2445,"GP29","#9A4D42FF",0.137191196433817,0.123224011900316
"a","CD8",FALSE,"CD8.R",1006,"GP29","#9A4D42FF",0.0868106984087613,0.0750188330502602
"a","CD8",FALSE,"CD8.T",901,"GP29","#9A4D42FF",0.434584110973628,0.414758611587252
"a","CD8",FALSE,"CD8.wV",481,"GP29","#9A4D42FF",0.123621578804426,0.133783901086208
"a","CD8",FALSE,"CD8.wY",234,"GP29","#9A4D42FF",0.054348508260327,0.0393628103471466
"a","CD8",FALSE,"CD8.P",2393,"GP29","#9A4D42FF",0.0619656517518751,0.0364700597400815
"a","CD8",FALSE,"CD8.A",44112,"GP32","#00FFBEFF",0.102042250406734,0.118838617920709
"a","CD8",FALSE,"CD8.B",16066,"GP32","#00FFBEFF",0.101007267565778,0.127322804205015
"a","CD8",FALSE,"CD8.C",2600,"GP32","#00FFBEFF",0.242265047574126,0.228348638466821
"a","CD8",FALSE,"CD8.D",2195,"GP32","#00FFBEFF",0.129982626518058,0.124523867409591
"a","CD8",FALSE,"CD8.E",10027,"GP32","#00FFBEFF",0.195346654836026,0.17230647521788
"a","CD8",FALSE,"CD8.F",266,"GP32","#00FFBEFF",0.195802722021762,0.138616975975062
"a","CD8",FALSE,"CD8.G",997,"GP32","#00FFBEFF",0.171885145832349,0.136709509956414
"a","CD8",FALSE,"CD8.H",1366,"GP32","#00FFBEFF",0.156541336892198,0.133541245755042
"a","CD8",FALSE,"CD8.I",198,"GP32","#00FFBEFF",0.312953286060335,0.226503902188028
"a","CD8",FALSE,"CD8.J",1203,"GP32","#00FFBEFF",0.3749371250884,0.242050297460998
"a","CD8",FALSE,"CD8.K",214,"GP32","#00FFBEFF",0.332202618210874,0.16984777765271
"a","CD8",FALSE,"CD8.Q",2445,"GP32","#00FFBEFF",0.167701343920812,0.150627977130925
"a","CD8",FALSE,"CD8.R",1006,"GP32","#00FFBEFF",0.189367358144685,0.163644786716648
"a","CD8",FALSE,"CD8.T",901,"GP32","#00FFBEFF",0.128847453304789,0.12296950001122
"a","CD8",FALSE,"CD8.wV",481,"GP32","#00FFBEFF",0.0928752360377888,0.100510052626774
"a","CD8",FALSE,"CD8.wY",234,"GP32","#00FFBEFF",0.308103722653782,0.223149241631047
"a","CD8",FALSE,"CD8.P",2393,"GP32","#00FFBEFF",0.247059089599398,0.145407326515331
"a","CD8",FALSE,"CD8.A",44112,"GP37","#783FC1FF",2.99477535100425e-05,3.48772162783332e-05
"a","CD8",FALSE,"CD8.B",16066,"GP37","#783FC1FF",2.19609929893347e-05,2.76825151092011e-05
"a","CD8",FALSE,"CD8.C",2600,"GP37","#783FC1FF",2.04496108881012e-05,1.92749257486077e-05
"a","CD8",FALSE,"CD8.D",2195,"GP37","#783FC1FF",2.87621009328336e-05,2.75542058113732e-05
"a","CD8",FALSE,"CD8.E",10027,"GP37","#783FC1FF",4.74096477421567e-05,4.18179123703417e-05
"a","CD8",FALSE,"CD8.F",266,"GP37","#783FC1FF",3.98808416297969e-05,2.82333238730379e-05
"a","CD8",FALSE,"CD8.G",997,"GP37","#783FC1FF",0.000425750039982692,0.000338621927148537
"a","CD8",FALSE,"CD8.H",1366,"GP37","#783FC1FF",0.000319879837753708,0.000272880971081575
"a","CD8",FALSE,"CD8.I",198,"GP37","#783FC1FF",0.000311691895764718,0.000225590954994739
"a","CD8",FALSE,"CD8.J",1203,"GP37","#783FC1FF",8.48814317410429e-05,5.47973898210021e-05
"a","CD8",FALSE,"CD8.K",214,"GP37","#783FC1FF",4.3002001743402e-05,2.19859628743158e-05
"a","CD8",FALSE,"CD8.Q",2445,"GP37","#783FC1FF",0.00194604362934507,0.00174792049034016
"a","CD8",FALSE,"CD8.R",1006,"GP37","#783FC1FF",0.000263082744781798,0.000227347099734865
"a","CD8",FALSE,"CD8.T",901,"GP37","#783FC1FF",0.000371810221482503,0.000354848434036259
"a","CD8",FALSE,"CD8.wV",481,"GP37","#783FC1FF",0.0115655313571727,0.0125162768350119
"a","CD8",FALSE,"CD8.wY",234,"GP37","#783FC1FF",3.61514017719234e-05,2.61832535479265e-05
"a","CD8",FALSE,"CD8.P",2393,"GP37","#783FC1FF",6.37874448074059e-05,3.7542281199727e-05
"a","CD8",FALSE,"CD8.A",44112,"GP44","#1F9698FF",0.00273521886884141,0.00318544160666909
"a","CD8",FALSE,"CD8.B",16066,"GP44","#1F9698FF",0.00291237359411259,0.00367113755110317
"a","CD8",FALSE,"CD8.C",2600,"GP44","#1F9698FF",0.003048075555246,0.0028729852281785
"a","CD8",FALSE,"CD8.D",2195,"GP44","#1F9698FF",0.00341807531882783,0.00327452959829657
"a","CD8",FALSE,"CD8.E",10027,"GP44","#1F9698FF",0.00285542093186139,0.00251863804089904
"a","CD8",FALSE,"CD8.F",266,"GP44","#1F9698FF",0.00270511593861646,0.00191506526161204
"a","CD8",FALSE,"CD8.G",997,"GP44","#1F9698FF",0.00278947827753495,0.0022186222463215
"a","CD8",FALSE,"CD8.H",1366,"GP44","#1F9698FF",0.00277288892768738,0.0023654777012588
"a","CD8",FALSE,"CD8.I",198,"GP44","#1F9698FF",0.00274422068041488,0.00198616445413907
"a","CD8",FALSE,"CD8.J",1203,"GP44","#1F9698FF",0.0027689266307174,0.0017875517513898
"a","CD8",FALSE,"CD8.K",214,"GP44","#1F9698FF",0.00308883815651371,0.00157925394820255
"a","CD8",FALSE,"CD8.Q",2445,"GP44","#1F9698FF",0.00289495803494483,0.00260022765761831
"a","CD8",FALSE,"CD8.R",1006,"GP44","#1F9698FF",0.00272633446936016,0.00235600489507705
"a","CD8",FALSE,"CD8.T",901,"GP44","#1F9698FF",0.00282706536126446,0.00269809612108809
"a","CD8",FALSE,"CD8.wV",481,"GP44","#1F9698FF",0.00280126409215503,0.00303154224242765
"a","CD8",FALSE,"CD8.wY",234,"GP44","#1F9698FF",0.00271687080957999,0.00196773883660136
"a","CD8",FALSE,"CD8.P",2393,"GP44","#1F9698FF",0.00407736602755216,0.00239974531700954
"a","CD8",FALSE,"CD8.A",44112,"GP58","#FFACFDFF",0.426202349169319,0.49635614589012
"a","CD8",FALSE,"CD8.B",16066,"GP58","#FFACFDFF",0.409194886835496,0.515802889374477
"a","CD8",FALSE,"CD8.C",2600,"GP58","#FFACFDFF",0.385539625203112,0.363393107555899
"a","CD8",FALSE,"CD8.D",2195,"GP58","#FFACFDFF",0.326564554862223,0.312850127895252
"a","CD8",FALSE,"CD8.E",10027,"GP58","#FFACFDFF",0.405141154750748,0.357356743064785
"a","CD8",FALSE,"CD8.F",266,"GP58","#FFACFDFF",0.417077114210595,0.295266417766412
"a","CD8",FALSE,"CD8.G",997,"GP58","#FFACFDFF",0.328072464950323,0.260933693230811
"a","CD8",FALSE,"CD8.H",1366,"GP58","#FFACFDFF",0.175310145195003,0.149552416298579
"a","CD8",FALSE,"CD8.I",198,"GP58","#FFACFDFF",0.141578702137176,0.102469377792711
"a","CD8",FALSE,"CD8.J",1203,"GP58","#FFACFDFF",0.27301747843401,0.176253450098928
"a","CD8",FALSE,"CD8.K",214,"GP58","#FFACFDFF",0.189771554074413,0.0970259563119392
"a","CD8",FALSE,"CD8.Q",2445,"GP58","#FFACFDFF",0.228238339732791,0.20500181223297
"a","CD8",FALSE,"CD8.R",1006,"GP58","#FFACFDFF",0.208915977709805,0.180538034373907
"a","CD8",FALSE,"CD8.T",901,"GP58","#FFACFDFF",0.137832043395207,0.131544217810345
"a","CD8",FALSE,"CD8.wV",481,"GP58","#FFACFDFF",0.176584104858001,0.191100216047991
"a","CD8",FALSE,"CD8.wY",234,"GP58","#FFACFDFF",0.338966775564103,0.245502320626772
"a","CD8",FALSE,"CD8.P",2393,"GP58","#FFACFDFF",0.251864021583101,0.1482352828353
"a","CD8",FALSE,"CD8.A",44112,"GP77","#B1CC71FF",0.00055858279973604,0.000650526695073064
"a","CD8",FALSE,"CD8.B",16066,"GP77","#B1CC71FF",0.000686505206357178,0.00086536117728179
"a","CD8",FALSE,"CD8.C",2600,"GP77","#B1CC71FF",0.000894479904996929,0.000843098377117256
"a","CD8",FALSE,"CD8.D",2195,"GP77","#B1CC71FF",0.00098889901520202,0.000947369145778749
"a","CD8",FALSE,"CD8.E",10027,"GP77","#B1CC71FF",0.0006443125988622,0.000568319088656044
"a","CD8",FALSE,"CD8.F",266,"GP77","#B1CC71FF",0.000585067046327732,0.000414193550872076
"a","CD8",FALSE,"CD8.G",997,"GP77","#B1CC71FF",0.00112517860308056,0.000894915117276152
"a","CD8",FALSE,"CD8.H",1366,"GP77","#B1CC71FF",0.00188608743781334,0.00160897096606489
"a","CD8",FALSE,"CD8.I",198,"GP77","#B1CC71FF",0.00076827517777577,0.000556048884838561
"a","CD8",FALSE,"CD8.J",1203,"GP77","#B1CC71FF",0.000948320528448032,0.000612212690181315
"a","CD8",FALSE,"CD8.K",214,"GP77","#B1CC71FF",0.0140863832702375,0.00720205309187368
"a","CD8",FALSE,"CD8.Q",2445,"GP77","#B1CC71FF",0.00127634385167604,0.00114640162092103
"a","CD8",FALSE,"CD8.R",1006,"GP77","#B1CC71FF",0.00250232091063168,0.00216242004814821
"a","CD8",FALSE,"CD8.T",901,"GP77","#B1CC71FF",0.000617833264738933,0.000589648034994748
"a","CD8",FALSE,"CD8.wV",481,"GP77","#B1CC71FF",0.0966060887717136,0.104547600423444
"a","CD8",FALSE,"CD8.wY",234,"GP77","#B1CC71FF",0.000196681500266092,0.000142449845296267
"a","CD8",FALSE,"CD8.P",2393,"GP77","#B1CC71FF",0.00165139706077028,0.000971934414601955
"a","CD8",FALSE,"CD8.A",44112,"GP80","#F1085CFF",0.0757980523534492,0.0882745700615296
"a","CD8",FALSE,"CD8.B",16066,"GP80","#F1085CFF",0.0762017783238706,0.0960547130461266
"a","CD8",FALSE,"CD8.C",2600,"GP80","#F1085CFF",0.114911015314747,0.108310192306771
"a","CD8",FALSE,"CD8.D",2195,"GP80","#F1085CFF",0.0825787636337905,0.0791107803330427
"a","CD8",FALSE,"CD8.E",10027,"GP80","#F1085CFF",0.206372689518155,0.182032043200103
"a","CD8",FALSE,"CD8.F",266,"GP80","#F1085CFF",0.17994085310248,0.127387692335893
"a","CD8",FALSE,"CD8.G",997,"GP80","#F1085CFF",0.310527401332526,0.246979159593084
"a","CD8",FALSE,"CD8.H",1366,"GP80","#F1085CFF",0.255747062920252,0.218171008748206
"a","CD8",FALSE,"CD8.I",198,"GP80","#F1085CFF",0.194019753663145,0.140424252640024
"a","CD8",FALSE,"CD8.J",1203,"GP80","#F1085CFF",0.276100904137193,0.178244034809574
"a","CD8",FALSE,"CD8.K",214,"GP80","#F1085CFF",0.197844596183187,0.101153522399337
"a","CD8",FALSE,"CD8.Q",2445,"GP80","#F1085CFF",0.121098310030055,0.108769512797786
"a","CD8",FALSE,"CD8.R",1006,"GP80","#F1085CFF",0.167241912013671,0.144524733775137
"a","CD8",FALSE,"CD8.T",901,"GP80","#F1085CFF",0.0780275385118347,0.0744679630974895
"a","CD8",FALSE,"CD8.wV",481,"GP80","#F1085CFF",0.15111962920724,0.16354243103488
"a","CD8",FALSE,"CD8.wY",234,"GP80","#F1085CFF",0.258097726300416,0.18693156770246
"a","CD8",FALSE,"CD8.P",2393,"GP80","#F1085CFF",0.185180820843679,0.108988696284986
"a","CD8",FALSE,"CD8.A",44112,"GP118","#FE8F42FF",0.000882779113143536,0.00102808639869357
"a","CD8",FALSE,"CD8.B",16066,"GP118","#FE8F42FF",0.000639470101685878,0.000806071964068232
"a","CD8",FALSE,"CD8.C",2600,"GP118","#FE8F42FF",0.0047123233662853,0.00444163380347879
"a","CD8",FALSE,"CD8.D",2195,"GP118","#FE8F42FF",0.00113246381904212,0.00108490479247985
"a","CD8",FALSE,"CD8.E",10027,"GP118","#FE8F42FF",0.00122112200121731,0.00107709665167992
"a","CD8",FALSE,"CD8.F",266,"GP118","#FE8F42FF",1.59048749908493e-08,1.12597294446595e-08
"a","CD8",FALSE,"CD8.G",997,"GP118","#FE8F42FF",0.000705799192773281,0.000561360094872771
"a","CD8",FALSE,"CD8.H",1366,"GP118","#FE8F42FF",0.00146720306911707,0.00125163186615969
"a","CD8",FALSE,"CD8.I",198,"GP118","#FE8F42FF",0.00135562250916975,0.00098114895065098
"a","CD8",FALSE,"CD8.J",1203,"GP118","#FE8F42FF",0.00840745347285796,0.00542764767163287
"a","CD8",FALSE,"CD8.K",214,"GP118","#FE8F42FF",0.29524090186251,0.150950077767592
"a","CD8",FALSE,"CD8.Q",2445,"GP118","#FE8F42FF",0.0013316915980232,0.00119611451454558
"a","CD8",FALSE,"CD8.R",1006,"GP118","#FE8F42FF",0.00139917166181956,0.00120911624063265
"a","CD8",FALSE,"CD8.T",901,"GP118","#FE8F42FF",0.00149811531473367,0.00142977207920572
"a","CD8",FALSE,"CD8.wV",481,"GP118","#FE8F42FF",0.00350798847899211,0.00379636296691786
"a","CD8",FALSE,"CD8.wY",234,"GP118","#FE8F42FF",0.00152924302334939,0.00110757967476248
"a","CD8",FALSE,"CD8.P",2393,"GP118","#FE8F42FF",0.119503992556281,0.0703344130899734
"b","CD4",FALSE,"CD4.A",27164,"GP1","#0000FFFF",0.355804137536267,0.4482684222408
"b","CD4",FALSE,"CD4.B",25938,"GP1","#0000FFFF",0.340568222024792,0.465188117014957
"b","CD4",FALSE,"CD4.C",38133,"GP1","#0000FFFF",0.33007124782054,0.438487163643481
"b","CD4",FALSE,"CD4.D",4945,"GP1","#0000FFFF",0.33487292694448,0.373825383273098
"b","CD4",FALSE,"CD4.E",3414,"GP1","#0000FFFF",0.355633117343427,0.414278264073415
"b","CD4",FALSE,"CD4.F",4265,"GP1","#0000FFFF",0.356554843328279,0.424669493062979
"b","CD4",FALSE,"CD4.G",6666,"GP1","#0000FFFF",0.370414482273416,0.257062269331049
"b","CD4",FALSE,"CD4.H",1958,"GP1","#0000FFFF",0.344727008483948,0.273332657190485
"b","CD4",FALSE,"CD4.I",1028,"GP1","#0000FFFF",0.362612552131664,0.262992919152611
"b","CD4",FALSE,"CD4.Q",3809,"GP1","#0000FFFF",0.379673647234609,0.219052505534716
"b","CD4",FALSE,"CD4.R",512,"GP1","#0000FFFF",0.42255941819511,0.21716503228644
"b","CD4",FALSE,"CD4.S",300,"GP1","#0000FFFF",0.352052434547671,0.214855477263562
"b","CD4",FALSE,"CD4.T",495,"GP1","#0000FFFF",0.383322949830771,0.193908015579793
"b","CD4",FALSE,"CD4.X",887,"GP1","#0000FFFF",0.449967171198036,0.172975745112968
"b","CD4",FALSE,"CD4.Y",616,"GP1","#0000FFFF",0.508547891806612,0.129788641256842
"b","CD4",FALSE,"CD4.wN",1162,"GP1","#0000FFFF",0.269703073024964,0.280051474841925
"b","CD4",FALSE,"CD4.wZ",468,"GP1","#0000FFFF",0.407876016743396,0.396752224986914
"b","CD4",FALSE,"CD4.P",1035,"GP1","#0000FFFF",0.448009943937382,0.201312175993173
"b","CD4",FALSE,"CD4.A",27164,"GP2","#FF0000FF",0.0141589306741595,0.0178384702265454
"b","CD4",FALSE,"CD4.B",25938,"GP2","#FF0000FF",0.0188433346672287,0.025738441831172
"b","CD4",FALSE,"CD4.C",38133,"GP2","#FF0000FF",0.0412224458478055,0.0547624595526081
"b","CD4",FALSE,"CD4.D",4945,"GP2","#FF0000FF",0.0236283297756434,0.0263767797387439
"b","CD4",FALSE,"CD4.E",3414,"GP2","#FF0000FF",0.0349748400186193,0.0407423136444488
"b","CD4",FALSE,"CD4.F",4265,"GP2","#FF0000FF",0.0227029264643026,0.0270399924528996
"b","CD4",FALSE,"CD4.G",6666,"GP2","#FF0000FF",0.0154303607534964,0.010708446191266
"b","CD4",FALSE,"CD4.H",1958,"GP2","#FF0000FF",0.0240427848085872,0.0190634272808832
"b","CD4",FALSE,"CD4.I",1028,"GP2","#FF0000FF",0.0295984133462253,0.0214669158098613
"b","CD4",FALSE,"CD4.Q",3809,"GP2","#FF0000FF",0.0136634530502698,0.00788312185140443
"b","CD4",FALSE,"CD4.R",512,"GP2","#FF0000FF",0.00481041325833176,0.00247220510435856
"b","CD4",FALSE,"CD4.S",300,"GP2","#FF0000FF",0.00905116826648827,0.00552387339740385
"b","CD4",FALSE,"CD4.T",495,"GP2","#FF0000FF",0.011069434580621,0.00559959192129293
"b","CD4",FALSE,"CD4.X",887,"GP2","#FF0000FF",0.00881569247721688,0.00338891606441718
"b","CD4",FALSE,"CD4.Y",616,"GP2","#FF0000FF",0.0236298517186452,0.00603067360434536
"b","CD4",FALSE,"CD4.wN",1162,"GP2","#FF0000FF",0.000576635001317913,0.000598760261621525
"b","CD4",FALSE,"CD4.wZ",468,"GP2","#FF0000FF",0.00487294214618445,0.00474004491405903
"b","CD4",FALSE,"CD4.P",1035,"GP2","#FF0000FF",0.0150835356711062,0.00677774997790104
"b","CD4",FALSE,"CD4.A",27164,"GP4","#00FF00FF",0.17918296619785,0.225747980633727
"b","CD4",FALSE,"CD4.B",25938,"GP4","#00FF00FF",0.127480691138164,0.174128115400064
"b","CD4",FALSE,"CD4.C",38133,"GP4","#00FF00FF",0.127210854601663,0.168994806991715
"b","CD4",FALSE,"CD4.D",4945,"GP4","#00FF00FF",0.144405665165287,0.161202948293787
"b","CD4",FALSE,"CD4.E",3414,"GP4","#00FF00FF",0.164531621233821,0.191663461882009
"b","CD4",FALSE,"CD4.F",4265,"GP4","#00FF00FF",0.145041527729924,0.172749615400502
"b","CD4",FALSE,"CD4.G",6666,"GP4","#00FF00FF",0.141176254758072,0.0979742697991504
"b","CD4",FALSE,"CD4.H",1958,"GP4","#00FF00FF",0.186323599910359,0.147735232248756
"b","CD4",FALSE,"CD4.I",1028,"GP4","#00FF00FF",0.164918773332431,0.119611054186605
"b","CD4",FALSE,"CD4.Q",3809,"GP4","#00FF00FF",0.168266533618405,0.0970812856125803
"b","CD4",FALSE,"CD4.R",512,"GP4","#00FF00FF",0.130968199708102,0.0673081987844237
"b","CD4",FALSE,"CD4.S",300,"GP4","#00FF00FF",0.127456211916097,0.077785757330789
"b","CD4",FALSE,"CD4.T",495,"GP4","#00FF00FF",0.196468567815843,0.099385727167635
"b","CD4",FALSE,"CD4.X",887,"GP4","#00FF00FF",0.153700149929488,0.0590851947870817
"b","CD4",FALSE,"CD4.Y",616,"GP4","#00FF00FF",0.164939673806181,0.0420949462136235
"b","CD4",FALSE,"CD4.wN",1162,"GP4","#00FF00FF",0.392783012419232,0.407853943550277
"b","CD4",FALSE,"CD4.wZ",468,"GP4","#00FF00FF",0.110310443507878,0.107302003806167
"b","CD4",FALSE,"CD4.P",1035,"GP4","#00FF00FF",0.184865869499295,0.0830690277289353
"b","CD4",FALSE,"CD4.A",27164,"GP5","#000033FF",0.00011856951813524,0.000149382666509656
"b","CD4",FALSE,"CD4.B",25938,"GP5","#000033FF",0.000144492818938167,0.000197365279603614
"b","CD4",FALSE,"CD4.C",38133,"GP5","#000033FF",0.000504557484524286,0.000670285526973355
"b","CD4",FALSE,"CD4.D",4945,"GP5","#000033FF",0.000192725559216877,0.00021514341782761
"b","CD4",FALSE,"CD4.E",3414,"GP5","#000033FF",0.00076747578075961,0.000894035225252781
"b","CD4",FALSE,"CD4.F",4265,"GP5","#000033FF",0.000851361169465911,0.00101400141665645
"b","CD4",FALSE,"CD4.G",6666,"GP5","#000033FF",0.00210670548940298,0.00146202300351304
"b","CD4",FALSE,"CD4.H",1958,"GP5","#000033FF",0.00293605560295158,0.00232798666731427
"b","CD4",FALSE,"CD4.I",1028,"GP5","#000033FF",0.00521744959686821,0.00378407281255326
"b","CD4",FALSE,"CD4.Q",3809,"GP5","#000033FF",0.00314190547258474,0.00181272066401185
"b","CD4",FALSE,"CD4.R",512,"GP5","#000033FF",0.00492385322759734,0.00253050505822862
"b","CD4",FALSE,"CD4.S",300,"GP5","#000033FF",0.000268327367614926,0.00016375857393474
"b","CD4",FALSE,"CD4.T",495,"GP5","#000033FF",0.000845829801508156,0.000427872055145941
"b","CD4",FALSE,"CD4.X",887,"GP5","#000033FF",0.000476573215498282,0.000183203603125566
"b","CD4",FALSE,"CD4.Y",616,"GP5","#000033FF",0.00113300522572181,0.00028915901757244
"b","CD4",FALSE,"CD4.wN",1162,"GP5","#000033FF",0.00031672494620114,0.00032887755896889
"b","CD4",FALSE,"CD4.wZ",468,"GP5","#000033FF",0.00485022201982563,0.00471794442196141
"b","CD4",FALSE,"CD4.P",1035,"GP5","#000033FF",0.207530754580001,0.0932534385795786
"b","CD4",FALSE,"CD4.A",27164,"GP6","#FF00B6FF",0.000207360772202608,0.000261248468985053
"b","CD4",FALSE,"CD4.B",25938,"GP6","#FF00B6FF",0.000351457569556197,0.000480062068094535
"b","CD4",FALSE,"CD4.C",38133,"GP6","#FF00B6FF",0.000264950728358033,0.000351977017538208
"b","CD4",FALSE,"CD4.D",4945,"GP6","#FF00B6FF",0.000204730968991745,0.000228545298210686
"b","CD4",FALSE,"CD4.E",3414,"GP6","#FF00B6FF",0.000334037930591884,0.000389121955384842
"b","CD4",FALSE,"CD4.F",4265,"GP6","#FF00B6FF",0.00572513157900404,0.00681883522512136
"b","CD4",FALSE,"CD4.G",6666,"GP6","#FF00B6FF",0.0216539457010085,0.0150275237288476
"b","CD4",FALSE,"CD4.H",1958,"GP6","#FF00B6FF",0.0192228428048215,0.0152417146707015
"b","CD4",FALSE,"CD4.I",1028,"GP6","#FF00B6FF",0.0331052111190373,0.0240102998646274
"b","CD4",FALSE,"CD4.Q",3809,"GP6","#FF00B6FF",0.100641907332716,0.0580652940323811
"b","CD4",FALSE,"CD4.R",512,"GP6","#FF00B6FF",0.0586861687487592,0.0301604536127205
"b","CD4",FALSE,"CD4.S",300,"GP6","#FF00B6FF",0.0200658360031791,0.0122460586778633
"b","CD4",FALSE,"CD4.T",495,"GP6","#FF00B6FF",0.269873311046926,0.136518301933553
"b","CD4",FALSE,"CD4.X",887,"GP6","#FF00B6FF",0.343574569736287,0.132076451363706
"b","CD4",FALSE,"CD4.Y",616,"GP6","#FF00B6FF",0.56129799333449,0.143251215999099
"b","CD4",FALSE,"CD4.wN",1162,"GP6","#FF00B6FF",0.000580533884079544,0.000602808742995445
"b","CD4",FALSE,"CD4.wZ",468,"GP6","#FF00B6FF",0.00878733205153516,0.00854767968703285
"b","CD4",FALSE,"CD4.P",1035,"GP6","#FF00B6FF",0.0979177595457645,0.0439991065137815
"b","CD4",FALSE,"CD4.A",27164,"GP10","#005300FF",0.000234983103878951,0.00029604912960948
"b","CD4",FALSE,"CD4.B",25938,"GP10","#005300FF",0.000279470978584462,0.000381734318942327
"b","CD4",FALSE,"CD4.C",38133,"GP10","#005300FF",0.000367192447533479,0.000487801272887009
"b","CD4",FALSE,"CD4.D",4945,"GP10","#005300FF",0.000220174443847837,0.000245785159789895
"b","CD4",FALSE,"CD4.E",3414,"GP10","#005300FF",0.00017929928136768,0.000208866360898788
"b","CD4",FALSE,"CD4.F",4265,"GP10","#005300FF",0.000239625770440476,0.000285402810708958
"b","CD4",FALSE,"CD4.G",6666,"GP10","#005300FF",0.00159425256359565,0.00110638811789825
"b","CD4",FALSE,"CD4.H",1958,"GP10","#005300FF",0.00121310430383349,0.000961865518673044
"b","CD4",FALSE,"CD4.I",1028,"GP10","#005300FF",0.000816407635237604,0.000592118022245565
"b","CD4",FALSE,"CD4.Q",3809,"GP10","#005300FF",0.00180959763117027,0.00104404637510328
"b","CD4",FALSE,"CD4.R",512,"GP10","#005300FF",0.0520209508738953,0.0267350128518128
"b","CD4",FALSE,"CD4.S",300,"GP10","#005300FF",0.233007720026654,0.142203206055779
"b","CD4",FALSE,"CD4.T",495,"GP10","#005300FF",0.00161605176440848,0.000817497076157361
"b","CD4",FALSE,"CD4.X",887,"GP10","#005300FF",0.000227067426337862,8.72889396733109e-05
"b","CD4",FALSE,"CD4.Y",616,"GP10","#005300FF",0.0046564185521175,0.00118838411630325
"b","CD4",FALSE,"CD4.wN",1162,"GP10","#005300FF",0.000200542442221357,0.000208237177584158
"b","CD4",FALSE,"CD4.wZ",468,"GP10","#005300FF",0.00740610829565859,0.00720412533263802
"b","CD4",FALSE,"CD4.P",1035,"GP10","#005300FF",0.00635760132004753,0.00285677265238274
"b","CD4",FALSE,"CD4.A",27164,"GP12","#FFD300FF",0.023694640002223,0.0298522635596883
"b","CD4",FALSE,"CD4.B",25938,"GP12","#FFD300FF",0.0253659425325162,0.034647786492986
"b","CD4",FALSE,"CD4.C",38133,"GP12","#FFD300FF",0.0266121251443651,0.035353201316773
"b","CD4",FALSE,"CD4.D",4945,"GP12","#FFD300FF",0.0251346510938943,0.0280583165212649
"b","CD4",FALSE,"CD4.E",3414,"GP12","#FFD300FF",0.0657858578211689,0.0766341762047319
"b","CD4",FALSE,"CD4.F",4265,"GP12","#FFD300FF",0.0483819787014802,0.0576246564953388
"b","CD4",FALSE,"CD4.G",6666,"GP12","#FFD300FF",0.0969605647089695,0.0672892232688402
"b","CD4",FALSE,"CD4.H",1958,"GP12","#FFD300FF",0.230655665795958,0.182885948812987
"b","CD4",FALSE,"CD4.I",1028,"GP12","#FFD300FF",0.224258515760112,0.162648538661642
"b","CD4",FALSE,"CD4.Q",3809,"GP12","#FFD300FF",0.0598038618546666,0.0345038057693318
"b","CD4",FALSE,"CD4.R",512,"GP12","#FFD300FF",0.059437046763412,0.03054635069908
"b","CD4",FALSE,"CD4.S",300,"GP12","#FFD300FF",0.0451937644250725,0.027581481824893
"b","CD4",FALSE,"CD4.T",495,"GP12","#FFD300FF",0.060607761240227,0.0306590845030664
"b","CD4",FALSE,"CD4.X",887,"GP12","#FFD300FF",0.0608438172653162,0.023389494391255
"b","CD4",FALSE,"CD4.Y",616,"GP12","#FFD300FF",0.0567263501372634,0.014477369833587
"b","CD4",FALSE,"CD4.wN",1162,"GP12","#FFD300FF",0.0376233769839469,0.0390669712981461
"b","CD4",FALSE,"CD4.wZ",468,"GP12","#FFD300FF",0.0286983697336887,0.0279156939313286
"b","CD4",FALSE,"CD4.P",1035,"GP12","#FFD300FF",0.0542511900724333,0.0243776399865519
"b","CD4",FALSE,"CD4.A",27164,"GP13","#009FFFFF",4.66166248232932e-05,5.87310788582355e-05
"b","CD4",FALSE,"CD4.B",25938,"GP13","#009FFFFF",0.000112245560537888,0.000153318182887033
"b","CD4",FALSE,"CD4.C",38133,"GP13","#009FFFFF",6.67535088578502e-05,8.86795107286749e-05
"b","CD4",FALSE,"CD4.D",4945,"GP13","#009FFFFF",1.01845959652759e-05,1.13692693074353e-05
"b","CD4",FALSE,"CD4.E",3414,"GP13","#009FFFFF",1.64189483114618e-05,1.91264903988538e-05
"b","CD4",FALSE,"CD4.F",4265,"GP13","#009FFFFF",0.000433850165467484,0.000516730969391808
"b","CD4",FALSE,"CD4.G",6666,"GP13","#009FFFFF",0.00459398248824758,0.00318815710565098
"b","CD4",FALSE,"CD4.H",1958,"GP13","#009FFFFF",0.000600966053193893,0.000476503564148249
"b","CD4",FALSE,"CD4.I",1028,"GP13","#009FFFFF",0.000563037602859718,0.000408355700590861
"b","CD4",FALSE,"CD4.Q",3809,"GP13","#009FFFFF",0.0100708228854263,0.0058103558198387
"b","CD4",FALSE,"CD4.R",512,"GP13","#009FFFFF",0.00272476545776307,0.0014003327180247
"b","CD4",FALSE,"CD4.S",300,"GP13","#009FFFFF",0.00034129363729084,0.000208289448193578
"b","CD4",FALSE,"CD4.T",495,"GP13","#009FFFFF",0.0120237965098498,0.00608236611449831
"b","CD4",FALSE,"CD4.X",887,"GP13","#009FFFFF",0.0462608351600308,0.0177835249848322
"b","CD4",FALSE,"CD4.Y",616,"GP13","#009FFFFF",0.128748509671778,0.0328584473623143
"b","CD4",FALSE,"CD4.wN",1162,"GP13","#009FFFFF",6.19640283429333e-08,6.43415639649722e-08
"b","CD4",FALSE,"CD4.wZ",468,"GP13","#009FFFFF",0.00282504947790199,0.00274800336387732
"b","CD4",FALSE,"CD4.P",1035,"GP13","#009FFFFF",0.0136742706060949,0.00614450015693672
"b","CD4",FALSE,"CD4.A",27164,"GP16","#9A4D42FF",0.0060907982158308,0.0076736390006686
"b","CD4",FALSE,"CD4.B",25938,"GP16","#9A4D42FF",0.00580135204709368,0.00792416866988817
"b","CD4",FALSE,"CD4.C",38133,"GP16","#9A4D42FF",0.00867977961145779,0.0115307587922591
"b","CD4",FALSE,"CD4.D",4945,"GP16","#9A4D42FF",0.168756149964014,0.188385884208696
"b","CD4",FALSE,"CD4.E",3414,"GP16","#9A4D42FF",0.0143426180745005,0.0167077660330327
"b","CD4",FALSE,"CD4.F",4265,"GP16","#9A4D42FF",0.0108257402489452,0.0128938414652757
"b","CD4",FALSE,"CD4.G",6666,"GP16","#9A4D42FF",0.0236043471296697,0.016381073984985
"b","CD4",FALSE,"CD4.H",1958,"GP16","#9A4D42FF",0.00986485686065474,0.00782180528988664
"b","CD4",FALSE,"CD4.I",1028,"GP16","#9A4D42FF",0.0133805613996324,0.00970455347368213
"b","CD4",FALSE,"CD4.Q",3809,"GP16","#9A4D42FF",0.0141164759664422,0.00814449317800296
"b","CD4",FALSE,"CD4.R",512,"GP16","#9A4D42FF",0.0157841400821347,0.00811190839194064
"b","CD4",FALSE,"CD4.S",300,"GP16","#9A4D42FF",0.00464901097987172,0.00283726335870181
"b","CD4",FALSE,"CD4.T",495,"GP16","#9A4D42FF",0.00470994026639597,0.00238257367830286
"b","CD4",FALSE,"CD4.X",887,"GP16","#9A4D42FF",0.00719957047967178,0.00276764872623666
"b","CD4",FALSE,"CD4.Y",616,"GP16","#9A4D42FF",0.00613858067267324,0.00156665293001498
"b","CD4",FALSE,"CD4.wN",1162,"GP16","#9A4D42FF",0.00495936339881057,0.00514965223991127
"b","CD4",FALSE,"CD4.wZ",468,"GP16","#9A4D42FF",0.00679449139322683,0.00660918874181594
"b","CD4",FALSE,"CD4.P",1035,"GP16","#9A4D42FF",0.0136186179199129,0.00611949275809037
"b","CD4",FALSE,"CD4.A",27164,"GP21","#00FFBEFF",0.000126440636441484,0.000159299284705393
"b","CD4",FALSE,"CD4.B",25938,"GP21","#00FFBEFF",0.000193355627481586,0.000264107848135804
"b","CD4",FALSE,"CD4.C",38133,"GP21","#00FFBEFF",0.000552372006812359,0.000733805310648861
"b","CD4",FALSE,"CD4.D",4945,"GP21","#00FFBEFF",0.000145567231925515,0.000162499628629524
"b","CD4",FALSE,"CD4.E",3414,"GP21","#00FFBEFF",0.00283963297335113,0.00330789839707057
"b","CD4",FALSE,"CD4.F",4265,"GP21","#00FFBEFF",0.00327566153113708,0.0039014293253987
"b","CD4",FALSE,"CD4.G",6666,"GP21","#00FFBEFF",0.00204226078121877,0.00141729931228333
"b","CD4",FALSE,"CD4.H",1958,"GP21","#00FFBEFF",0.00330407365526346,0.00261978669938852
"b","CD4",FALSE,"CD4.I",1028,"GP21","#00FFBEFF",0.00402370317951361,0.00291828134123635
"b","CD4",FALSE,"CD4.Q",3809,"GP21","#00FFBEFF",0.00383487220178066,0.0022125274438297
"b","CD4",FALSE,"CD4.R",512,"GP21","#00FFBEFF",0.00543853190156627,0.0027950127369996
"b","CD4",FALSE,"CD4.S",300,"GP21","#00FFBEFF",8.3113893359208e-05,5.07239077834223e-05
"b","CD4",FALSE,"CD4.T",495,"GP21","#00FFBEFF",0.00347464851833834,0.00175768813040207
"b","CD4",FALSE,"CD4.X",887,"GP21","#00FFBEFF",0.00169076804589082,0.000649962666770739
"b","CD4",FALSE,"CD4.Y",616,"GP21","#00FFBEFF",0.00405108430941835,0.00103389422433446
"b","CD4",FALSE,"CD4.wN",1162,"GP21","#00FFBEFF",0.000518800553957895,0.000538706729052611
"b","CD4",FALSE,"CD4.wZ",468,"GP21","#00FFBEFF",0.00592060160649626,0.00575913209948872
"b","CD4",FALSE,"CD4.P",1035,"GP21","#00FFBEFF",0.261686223198363,0.117588066364127
"b","CD4",FALSE,"CD4.A",27164,"GP25","#783FC1FF",0.0481750916609973,0.0606945508832931
"b","CD4",FALSE,"CD4.B",25938,"GP25","#783FC1FF",0.0401458890108611,0.0548359750179347
"b","CD4",FALSE,"CD4.C",38133,"GP25","#783FC1FF",0.0445374789890065,0.0591663556479738
"b","CD4",FALSE,"CD4.D",4945,"GP25","#783FC1FF",0.0386257481466234,0.0431186994925857
"b","CD4",FALSE,"CD4.E",3414,"GP25","#783FC1FF",0.0450003614967074,0.0524210787307787
"b","CD4",FALSE,"CD4.F",4265,"GP25","#783FC1FF",0.0436592522359608,0.0519997213934457
"b","CD4",FALSE,"CD4.G",6666,"GP25","#783FC1FF",0.161646319092564,0.112180197059016
"b","CD4",FALSE,"CD4.H",1958,"GP25","#783FC1FF",0.110973646251845,0.0879905573442939
"b","CD4",FALSE,"CD4.I",1028,"GP25","#783FC1FF",0.0990730789436526,0.0718549815434066
"b","CD4",FALSE,"CD4.Q",3809,"GP25","#783FC1FF",0.142031572506789,0.0819450389808668
"b","CD4",FALSE,"CD4.R",512,"GP25","#783FC1FF",0.348747902061594,0.179231242163592
"b","CD4",FALSE,"CD4.S",300,"GP25","#783FC1FF",0.145271108927357,0.088658081519296
"b","CD4",FALSE,"CD4.T",495,"GP25","#783FC1FF",0.183244675165747,0.0926962795800266
"b","CD4",FALSE,"CD4.X",887,"GP25","#783FC1FF",0.152526027883179,0.058633840446557
"b","CD4",FALSE,"CD4.Y",616,"GP25","#783FC1FF",0.0909637132888132,0.0232152309382133
"b","CD4",FALSE,"CD4.wN",1162,"GP25","#783FC1FF",0.102921212805705,0.106870259635823
"b","CD4",FALSE,"CD4.wZ",468,"GP25","#783FC1FF",0.0717727882759459,0.0698153661236501
"b","CD4",FALSE,"CD4.P",1035,"GP25","#783FC1FF",0.222562503581245,0.100007918343641
"b","CD4",FALSE,"CD4.A",27164,"GP26","#1F9698FF",0.0369792470175278,0.0465891960419105
"b","CD4",FALSE,"CD4.B",25938,"GP26","#1F9698FF",0.0404672349797845,0.0552749071217731
"b","CD4",FALSE,"CD4.C",38133,"GP26","#1F9698FF",0.0396521173074039,0.0526763375040633
"b","CD4",FALSE,"CD4.D",4945,"GP26","#1F9698FF",0.0387142131802614,0.0432174547888341
"b","CD4",FALSE,"CD4.E",3414,"GP26","#1F9698FF",0.0523512753128725,0.0609841839833566
"b","CD4",FALSE,"CD4.F",4265,"GP26","#1F9698FF",0.0508683563585589,0.0605860206696086
"b","CD4",FALSE,"CD4.G",6666,"GP26","#1F9698FF",0.100778516681017,0.0699388264703887
"b","CD4",FALSE,"CD4.H",1958,"GP26","#1F9698FF",0.0722453622481431,0.0572830568739541
"b","CD4",FALSE,"CD4.I",1028,"GP26","#1F9698FF",0.126970321186603,0.092088084701725
"b","CD4",FALSE,"CD4.Q",3809,"GP26","#1F9698FF",0.21854299229333,0.126088261267516
"b","CD4",FALSE,"CD4.R",512,"GP26","#1F9698FF",0.18234325986897,0.0937112704428599
"b","CD4",FALSE,"CD4.S",300,"GP26","#1F9698FF",0.186826065952023,0.1140188211366
"b","CD4",FALSE,"CD4.T",495,"GP26","#1F9698FF",0.0939257111403625,0.0475133259492789
"b","CD4",FALSE,"CD4.X",887,"GP26","#1F9698FF",0.10428391284512,0.0400886746463141
"b","CD4",FALSE,"CD4.Y",616,"GP26","#1F9698FF",0.0995337816233325,0.0254024340365569
"b","CD4",FALSE,"CD4.wN",1162,"GP26","#1F9698FF",0.0268367099193794,0.027866424021544
"b","CD4",FALSE,"CD4.wZ",468,"GP26","#1F9698FF",0.112064950060969,0.109008660609013
"b","CD4",FALSE,"CD4.P",1035,"GP26","#1F9698FF",0.109604847967489,0.049250671201218
"b","CD4",FALSE,"CD4.A",27164,"GP36","#FFACFDFF",2.3127166411033e-05,2.91373182722404e-05
"b","CD4",FALSE,"CD4.B",25938,"GP36","#FFACFDFF",3.94326508478694e-05,5.38617504820906e-05
"b","CD4",FALSE,"CD4.C",38133,"GP36","#FFACFDFF",2.75679907836475e-05,3.66230326509492e-05
"b","CD4",FALSE,"CD4.D",4945,"GP36","#FFACFDFF",3.05386483036593e-05,3.40909072910827e-05
"b","CD4",FALSE,"CD4.E",3414,"GP36","#FFACFDFF",4.34906981069167e-09,5.06624665600969e-09
"b","CD4",FALSE,"CD4.F",4265,"GP36","#FFACFDFF",0.00124898064622192,0.00148758034787987
"b","CD4",FALSE,"CD4.G",6666,"GP36","#FFACFDFF",0.000558725906491589,0.000387747661957663
"b","CD4",FALSE,"CD4.H",1958,"GP36","#FFACFDFF",0.000867425091987705,0.000687777863270438
"b","CD4",FALSE,"CD4.I",1028,"GP36","#FFACFDFF",0.001135929573457,0.000823858503295176
"b","CD4",FALSE,"CD4.Q",3809,"GP36","#FFACFDFF",0.00528777503703422,0.00305077894924462
"b","CD4",FALSE,"CD4.R",512,"GP36","#FFACFDFF",0.00127257188363412,0.00065401006887182
"b","CD4",FALSE,"CD4.S",300,"GP36","#FFACFDFF",3.45701852603625e-09,2.1097975540911e-09
"b","CD4",FALSE,"CD4.T",495,"GP36","#FFACFDFF",0.00623864338612752,0.00315588450795355
"b","CD4",FALSE,"CD4.X",887,"GP36","#FFACFDFF",0.0418701612645528,0.0160956683205421
"b","CD4",FALSE,"CD4.Y",616,"GP36","#FFACFDFF",0.326405795153758,0.0833033925297938
"b","CD4",FALSE,"CD4.wN",1162,"GP36","#FFACFDFF",3.28976238920251e-09,3.41598929015681e-09
"b","CD4",FALSE,"CD4.wZ",468,"GP36","#FFACFDFF",0.000448097842541059,0.00043587710172194
"b","CD4",FALSE,"CD4.P",1035,"GP36","#FFACFDFF",0.0307641151012869,0.0138237801132604
"b","CD4",FALSE,"CD4.A",27164,"GP56","#B1CC71FF",2.35630855029938e-05,2.96865214516384e-05
"b","CD4",FALSE,"CD4.B",25938,"GP56","#B1CC71FF",5.59944605146369e-05,7.64838172369944e-05
"b","CD4",FALSE,"CD4.C",38133,"GP56","#B1CC71FF",8.68287818502098e-06,1.15348751299954e-05
"b","CD4",FALSE,"CD4.D",4945,"GP56","#B1CC71FF",6.21352697274612e-06,6.93628512540117e-06
"b","CD4",FALSE,"CD4.E",3414,"GP56","#B1CC71FF",1.09546636863015e-09,1.27611260991944e-09
"b","CD4",FALSE,"CD4.F",4265,"GP56","#B1CC71FF",0.000184129844993843,0.000219305190756607
"b","CD4",FALSE,"CD4.G",6666,"GP56","#B1CC71FF",3.80240164227604e-05,2.63881149860143e-05
"b","CD4",FALSE,"CD4.H",1958,"GP56","#B1CC71FF",0.000557742644048866,0.000442231897050277
"b","CD4",FALSE,"CD4.I",1028,"GP56","#B1CC71FF",0.000519967064247593,0.000377117822551369
"b","CD4",FALSE,"CD4.Q",3809,"GP56","#B1CC71FF",0.0007628169200108,0.000440106809650099
"b","CD4",FALSE,"CD4.R",512,"GP56","#B1CC71FF",0.00153771338753356,0.000790273658737447
"b","CD4",FALSE,"CD4.S",300,"GP56","#B1CC71FF",1.09480923219628e-09,6.68155470642637e-10
"b","CD4",FALSE,"CD4.T",495,"GP56","#B1CC71FF",0.0674604328985881,0.0341255817823952
"b","CD4",FALSE,"CD4.X",887,"GP56","#B1CC71FF",0.00613415334474223,0.00235808257437743
"b","CD4",FALSE,"CD4.Y",616,"GP56","#B1CC71FF",0.00169347780727777,0.000432199576768239
"b","CD4",FALSE,"CD4.wN",1162,"GP56","#B1CC71FF",1.0921707976988e-09,1.13407696562108e-09
"b","CD4",FALSE,"CD4.wZ",468,"GP56","#B1CC71FF",8.15834914630087e-06,7.93585070742547e-06
"b","CD4",FALSE,"CD4.P",1035,"GP56","#B1CC71FF",0.00481143548279308,0.00216200680319546
"b","CD4",FALSE,"CD4.A",27164,"GP72","#F1085CFF",6.4148056007525e-05,8.08184751740743e-05
"b","CD4",FALSE,"CD4.B",25938,"GP72","#F1085CFF",0.000362739753288409,0.000495472601041506
"b","CD4",FALSE,"CD4.C",38133,"GP72","#F1085CFF",0.000141734821026845,0.000188289346836317
"b","CD4",FALSE,"CD4.D",4945,"GP72","#F1085CFF",8.33045655355851e-05,9.29945619190113e-05
"b","CD4",FALSE,"CD4.E",3414,"GP72","#F1085CFF",0.000115816822371486,0.00013491542205341
"b","CD4",FALSE,"CD4.F",4265,"GP72","#F1085CFF",0.00459502302100221,0.00547283575992574
"b","CD4",FALSE,"CD4.G",6666,"GP72","#F1085CFF",0.0149480887426798,0.0103737564221877
"b","CD4",FALSE,"CD4.H",1958,"GP72","#F1085CFF",0.0127577139345723,0.0101155400174428
"b","CD4",FALSE,"CD4.I",1028,"GP72","#F1085CFF",0.0234238212959814,0.0169886538789822
"b","CD4",FALSE,"CD4.Q",3809,"GP72","#F1085CFF",0.0775726415248589,0.0447554935949154
"b","CD4",FALSE,"CD4.R",512,"GP72","#F1085CFF",0.0438959235639649,0.0225593354390932
"b","CD4",FALSE,"CD4.S",300,"GP72","#F1085CFF",0.0166518945374485,0.0101625507938407
"b","CD4",FALSE,"CD4.T",495,"GP72","#F1085CFF",0.196705591316933,0.0995056280417214
"b","CD4",FALSE,"CD4.X",887,"GP72","#F1085CFF",0.305021650396095,0.117255992503575
"b","CD4",FALSE,"CD4.Y",616,"GP72","#F1085CFF",0.344989871663938,0.0880463126718887
"b","CD4",FALSE,"CD4.wN",1162,"GP72","#F1085CFF",2.28930870418865e-07,2.37714858709506e-07
"b","CD4",FALSE,"CD4.wZ",468,"GP72","#F1085CFF",0.00388052914405595,0.00377469747871782
"b","CD4",FALSE,"CD4.P",1035,"GP72","#F1085CFF",0.0695795388219449,0.0312653961243435
"b","CD4",FALSE,"CD4.A",27164,"GP79","#FE8F42FF",0.0256255552398502,0.0322849736823008
"b","CD4",FALSE,"CD4.B",25938,"GP79","#FE8F42FF",0.0263042482677478,0.0359294347793753
"b","CD4",FALSE,"CD4.C",38133,"GP79","#FE8F42FF",0.0268665829720001,0.0356912389127262
"b","CD4",FALSE,"CD4.D",4945,"GP79","#FE8F42FF",0.0249876815372509,0.0278942514493494
"b","CD4",FALSE,"CD4.E",3414,"GP79","#FE8F42FF",0.0295311677648732,0.0344009607684489
"b","CD4",FALSE,"CD4.F",4265,"GP79","#FE8F42FF",0.0313294647970963,0.0373145062597502
"b","CD4",FALSE,"CD4.G",6666,"GP79","#FE8F42FF",0.0565692304457934,0.0392582240938757
"b","CD4",FALSE,"CD4.H",1958,"GP79","#FE8F42FF",0.0402859873716484,0.0319425971996264
"b","CD4",FALSE,"CD4.I",1028,"GP79","#FE8F42FF",0.0497818055737409,0.036105375535296
"b","CD4",FALSE,"CD4.Q",3809,"GP79","#FE8F42FF",0.0936430718769206,0.0540273196994672
"b","CD4",FALSE,"CD4.R",512,"GP79","#FE8F42FF",0.0777661232214029,0.039966172644552
"b","CD4",FALSE,"CD4.S",300,"GP79","#FE8F42FF",0.0667454433207916,0.0407343414576354
"b","CD4",FALSE,"CD4.T",495,"GP79","#FE8F42FF",0.118852447683593,0.0601227823361508
"b","CD4",FALSE,"CD4.X",887,"GP79","#FE8F42FF",0.214362029918879,0.0824047491074129
"b","CD4",FALSE,"CD4.Y",616,"GP79","#FE8F42FF",0.200756633826033,0.0512359428627551
"b","CD4",FALSE,"CD4.wN",1162,"GP79","#FE8F42FF",0.0315268049624403,0.0327364761838212
"b","CD4",FALSE,"CD4.wZ",468,"GP79","#FE8F42FF",0.0303600041101648,0.0295320114124233
"b","CD4",FALSE,"CD4.P",1035,"GP79","#FE8F42FF",0.080606229906672,0.0362202128785475
"b","CD4",FALSE,"CD4.A",27164,"GP80","#DD00FFFF",0.0637024625140265,0.0802570834666184
"b","CD4",FALSE,"CD4.B",25938,"GP80","#DD00FFFF",0.0623978364257265,0.0852303008780954
"b","CD4",FALSE,"CD4.C",38133,"GP80","#DD00FFFF",0.0660406275527422,0.0877324748885182
"b","CD4",FALSE,"CD4.D",4945,"GP80","#DD00FFFF",0.0545905689239105,0.0609405500088716
"b","CD4",FALSE,"CD4.E",3414,"GP80","#DD00FFFF",0.0536496579708709,0.0624966744895182
"b","CD4",FALSE,"CD4.F",4265,"GP80","#DD00FFFF",0.0597669122907609,0.0711845171069197
"b","CD4",FALSE,"CD4.G",6666,"GP80","#DD00FFFF",0.287860396876778,0.199770933408215
"b","CD4",FALSE,"CD4.H",1958,"GP80","#DD00FFFF",0.098531642847743,0.0781253429354418
"b","CD4",FALSE,"CD4.I",1028,"GP80","#DD00FFFF",0.128269810937131,0.0930305689066739
"b","CD4",FALSE,"CD4.Q",3809,"GP80","#DD00FFFF",0.121404714704616,0.070044384522006
"b","CD4",FALSE,"CD4.R",512,"GP80","#DD00FFFF",0.337589040020105,0.173496392740827
"b","CD4",FALSE,"CD4.S",300,"GP80","#DD00FFFF",0.296699491872448,0.181073910231627
"b","CD4",FALSE,"CD4.T",495,"GP80","#DD00FFFF",0.100706963918769,0.050943695224028
"b","CD4",FALSE,"CD4.X",887,"GP80","#DD00FFFF",0.156975230575082,0.0603441966681931
"b","CD4",FALSE,"CD4.Y",616,"GP80","#DD00FFFF",0.0771920687801218,0.0197005117594442
"b","CD4",FALSE,"CD4.wN",1162,"GP80","#DD00FFFF",0.0491036348405625,0.050987722175216
"b","CD4",FALSE,"CD4.wZ",468,"GP80","#DD00FFFF",0.14326046219238,0.139353393664328
"b","CD4",FALSE,"CD4.P",1035,"GP80","#DD00FFFF",0.153807926841217,0.069113216919426
"b","CD4",FALSE,"CD4.A",27164,"GP152","#201A01FF",1.4396014739367e-05,1.81371663029455e-05
"b","CD4",FALSE,"CD4.B",25938,"GP152","#201A01FF",0.000305047159538657,0.000416669273788612
"b","CD4",FALSE,"CD4.C",38133,"GP152","#201A01FF",8.18996212596917e-05,0.000108800547962793
"b","CD4",FALSE,"CD4.D",4945,"GP152","#201A01FF",2.97534182021383e-05,3.32143391362992e-05
"b","CD4",FALSE,"CD4.E",3414,"GP152","#201A01FF",3.82322339498305e-05,4.45368632446265e-05
"b","CD4",FALSE,"CD4.F",4265,"GP152","#201A01FF",0.000503169706221833,0.00059929300657161
"b","CD4",FALSE,"CD4.G",6666,"GP152","#201A01FF",0.00305009407816428,0.00211672097860191
"b","CD4",FALSE,"CD4.H",1958,"GP152","#201A01FF",0.00424974277742418,0.0033696039391805
"b","CD4",FALSE,"CD4.I",1028,"GP152","#201A01FF",0.00717605711815575,0.00520459702350401
"b","CD4",FALSE,"CD4.Q",3809,"GP152","#201A01FF",0.0212567900018365,0.0122640935009385
"b","CD4",FALSE,"CD4.R",512,"GP152","#201A01FF",0.00825454732472581,0.00424224134901739
"b","CD4",FALSE,"CD4.S",300,"GP152","#201A01FF",0.00187395973276951,0.00114366632139386
"b","CD4",FALSE,"CD4.T",495,"GP152","#201A01FF",0.012705654154818,0.00642729109981958
"b","CD4",FALSE,"CD4.X",887,"GP152","#201A01FF",0.015921540887827,0.00612053628509352
"b","CD4",FALSE,"CD4.Y",616,"GP152","#201A01FF",0.159822034120211,0.0407888519165368
"b","CD4",FALSE,"CD4.wN",1162,"GP152","#201A01FF",5.74785458422183e-05,5.96839752485596e-05
"b","CD4",FALSE,"CD4.wZ",468,"GP152","#201A01FF",0.00116791511242651,0.00113606316730944
"b","CD4",FALSE,"CD4.P",1035,"GP152","#201A01FF",0.0139787786060665,0.00628133008428803
"b","CD4",FALSE,"CD4.A",27164,"GP161","#720055FF",7.06095139904826e-05,8.89590988201397e-05
"b","CD4",FALSE,"CD4.B",25938,"GP161","#720055FF",0.000115410312483317,0.000157640973162533
"b","CD4",FALSE,"CD4.C",38133,"GP161","#720055FF",8.24644421904583e-05,0.000109550891197878
"b","CD4",FALSE,"CD4.D",4945,"GP161","#720055FF",9.56290838316227e-05,0.000106752669562142
"b","CD4",FALSE,"CD4.E",3414,"GP161","#720055FF",2.6967071272865e-09,3.14140357836194e-09
"b","CD4",FALSE,"CD4.F",4265,"GP161","#720055FF",0.000878565867410982,0.00104640317896999
"b","CD4",FALSE,"CD4.G",6666,"GP161","#720055FF",0.00202261678717231,0.00140366666580224
"b","CD4",FALSE,"CD4.H",1958,"GP161","#720055FF",0.00156023183566987,0.00123710154116541
"b","CD4",FALSE,"CD4.I",1028,"GP161","#720055FF",0.000984598179992317,0.000714102002333625
"b","CD4",FALSE,"CD4.Q",3809,"GP161","#720055FF",0.008698560746685,0.00501862992068518
"b","CD4",FALSE,"CD4.R",512,"GP161","#720055FF",0.00342036054833376,0.00175781837281686
"b","CD4",FALSE,"CD4.S",300,"GP161","#720055FF",3.93000805920219e-05,2.39846021316234e-05
"b","CD4",FALSE,"CD4.T",495,"GP161","#720055FF",0.00465669553020016,0.00235563925880004
"b","CD4",FALSE,"CD4.X",887,"GP161","#720055FF",0.0616737457249429,0.023708534318795
"b","CD4",FALSE,"CD4.Y",616,"GP161","#720055FF",0.427107883325942,0.109003994982718
"b","CD4",FALSE,"CD4.wN",1162,"GP161","#720055FF",2.1344182880867e-09,2.21631508608331e-09
"b","CD4",FALSE,"CD4.wZ",468,"GP161","#720055FF",2.05929717220989e-09,2.00313502496899e-09
"b","CD4",FALSE,"CD4.P",1035,"GP161","#720055FF",0.0360614467100135,0.0162041231559569
"b","CD4",FALSE,"CD4.A",27164,"GP162","#766C95FF",4.04729713688476e-05,5.09908489106907e-05
"b","CD4",FALSE,"CD4.B",25938,"GP162","#766C95FF",5.98502716403672e-05,8.17505373862783e-05
"b","CD4",FALSE,"CD4.C",38133,"GP162","#766C95FF",3.42586060323324e-05,4.55112618523632e-05
"b","CD4",FALSE,"CD4.D",4945,"GP162","#766C95FF",2.16346496601224e-08,2.41511945291275e-08
"b","CD4",FALSE,"CD4.E",3414,"GP162","#766C95FF",2.00221024827303e-08,2.33238173137725e-08
"b","CD4",FALSE,"CD4.F",4265,"GP162","#766C95FF",0.00121639955266719,0.00144877510727742
"b","CD4",FALSE,"CD4.G",6666,"GP162","#766C95FF",0.0025905634876312,0.00179781342481389
"b","CD4",FALSE,"CD4.H",1958,"GP162","#766C95FF",0.00113041611695492,0.000896302388191393
"b","CD4",FALSE,"CD4.I",1028,"GP162","#766C95FF",0.0015472282559402,0.00112216213485453
"b","CD4",FALSE,"CD4.Q",3809,"GP162","#766C95FF",0.0105464792786415,0.00608478551878225
"b","CD4",FALSE,"CD4.R",512,"GP162","#766C95FF",0.00214054119334834,0.00110008362693578
"b","CD4",FALSE,"CD4.S",300,"GP162","#766C95FF",0.000281058473815822,0.000171528291256539
"b","CD4",FALSE,"CD4.T",495,"GP162","#766C95FF",0.0106169594165041,0.00537070251821444
"b","CD4",FALSE,"CD4.X",887,"GP162","#766C95FF",0.0519370809378425,0.0199655793783719
"b","CD4",FALSE,"CD4.Y",616,"GP162","#766C95FF",0.256259644821602,0.0654010991810472
"b","CD4",FALSE,"CD4.wN",1162,"GP162","#766C95FF",2.37115417349078e-08,2.46213443516164e-08
"b","CD4",FALSE,"CD4.wZ",468,"GP162","#766C95FF",0.0019694517160557,0.00191573987749562
"b","CD4",FALSE,"CD4.P",1035,"GP162","#766C95FF",0.0304410655909549,0.0136786186034357
"b","CD4",FALSE,"CD4.A",27164,"GP170","#02AD24FF",0.039214541918367,0.0494053862227791
"b","CD4",FALSE,"CD4.B",25938,"GP170","#02AD24FF",0.0423297001420655,0.0578188810037061
"b","CD4",FALSE,"CD4.C",38133,"GP170","#02AD24FF",0.0395678182521143,0.0525643493987806
"b","CD4",FALSE,"CD4.D",4945,"GP170","#02AD24FF",0.0410224446375011,0.0457941799874308
"b","CD4",FALSE,"CD4.E",3414,"GP170","#02AD24FF",0.0381924879247884,0.0444905629608361
"b","CD4",FALSE,"CD4.F",4265,"GP170","#02AD24FF",0.0476067207736906,0.0567012967448043
"b","CD4",FALSE,"CD4.G",6666,"GP170","#02AD24FF",0.120248428335138,0.0834506623002546
"b","CD4",FALSE,"CD4.H",1958,"GP170","#02AD24FF",0.0848217905232715,0.0672548562218618
"b","CD4",FALSE,"CD4.I",1028,"GP170","#02AD24FF",0.073679842688993,0.053437965116132
"b","CD4",FALSE,"CD4.Q",3809,"GP170","#02AD24FF",0.227625370623795,0.131328334535686
"b","CD4",FALSE,"CD4.R",512,"GP170","#02AD24FF",0.150824055477186,0.0775126750627803
"b","CD4",FALSE,"CD4.S",300,"GP170","#02AD24FF",0.120261573167714,0.0733949126999066
"b","CD4",FALSE,"CD4.T",495,"GP170","#02AD24FF",0.107237190613676,0.054247080268557
"b","CD4",FALSE,"CD4.X",887,"GP170","#02AD24FF",0.217404564910381,0.0835743561162667
"b","CD4",FALSE,"CD4.Y",616,"GP170","#02AD24FF",0.292142898657342,0.0745590149530903
"b","CD4",FALSE,"CD4.wN",1162,"GP170","#02AD24FF",0.0453398953045957,0.0470795694198678
"b","CD4",FALSE,"CD4.wZ",468,"GP170","#02AD24FF",0.0725697282975052,0.0705905716119731
"b","CD4",FALSE,"CD4.P",1035,"GP170","#02AD24FF",0.126593829683216,0.0568846287135076
"b","CD4",FALSE,"CD4.A",27164,"GP177","#C8FF00FF",0.00013143692876829,0.000165593984069767
"b","CD4",FALSE,"CD4.B",25938,"GP177","#C8FF00FF",0.000384653622018347,0.000525405139287105
"b","CD4",FALSE,"CD4.C",38133,"GP177","#C8FF00FF",0.000156568069888274,0.000207994756694985
"b","CD4",FALSE,"CD4.D",4945,"GP177","#C8FF00FF",4.31744880630023e-05,4.81965493449623e-05
"b","CD4",FALSE,"CD4.E",3414,"GP177","#C8FF00FF",0.000156256468554341,0.000182023707540213
"b","CD4",FALSE,"CD4.F",4265,"GP177","#C8FF00FF",0.00371588120844869,0.00442574660981754
"b","CD4",FALSE,"CD4.G",6666,"GP177","#C8FF00FF",0.011064193510915,0.00767838955641667
"b","CD4",FALSE,"CD4.H",1958,"GP177","#C8FF00FF",0.0103268324001652,0.00818810383529722
"b","CD4",FALSE,"CD4.I",1028,"GP177","#C8FF00FF",0.0277349868842759,0.0201154238055902
"b","CD4",FALSE,"CD4.Q",3809,"GP177","#C8FF00FF",0.0508582093960946,0.0293426164190419
"b","CD4",FALSE,"CD4.R",512,"GP177","#C8FF00FF",0.0306530842987685,0.0157534721858865
"b","CD4",FALSE,"CD4.S",300,"GP177","#C8FF00FF",0.0117358366683757,0.00716231032945642
"b","CD4",FALSE,"CD4.T",495,"GP177","#C8FF00FF",0.130465543821583,0.0659973912732078
"b","CD4",FALSE,"CD4.X",887,"GP177","#C8FF00FF",0.200464704805447,0.0770623589944348
"b","CD4",FALSE,"CD4.Y",616,"GP177","#C8FF00FF",0.181540176005817,0.0463316300331512
"b","CD4",FALSE,"CD4.wN",1162,"GP177","#C8FF00FF",9.50950879486484e-08,9.87438494176019e-08
"b","CD4",FALSE,"CD4.wZ",468,"GP177","#C8FF00FF",0.00219346094058283,0.00213363981424195
"b","CD4",FALSE,"CD4.P",1035,"GP177","#C8FF00FF",0.0436413324842603,0.0196101263477222
"c","Treg",TRUE,"Treg.A",8101,"GP2","#0000FFFF",0.022040433447953,0.052681062794949
"c","Treg",TRUE,"Treg.B",2510,"GP2","#0000FFFF",0.0303371031313582,0.0428857082343205
"c","Treg",TRUE,"Treg.C",974,"GP2","#0000FFFF",0.0167324097457496,0.0159289365266839
"c","Treg",TRUE,"Treg.D",3819,"GP2","#0000FFFF",0.0138765165966651,0.0137729482835736
"c","Treg",TRUE,"Treg.E",1866,"GP2","#0000FFFF",0.0104687092927014,0.00953807608901503
"c","Treg",TRUE,"Treg.F",2941,"GP2","#0000FFFF",0.014293971356493,0.0183648174387475
"c","Treg",TRUE,"Treg.P",1786,"GP2","#0000FFFF",0.0100833816282179,0.0078095086019822
"c","Treg",TRUE,"Treg.A",8101,"GP5","#FF0000FF",0.000249121527159717,0.000595450486346653
"c","Treg",TRUE,"Treg.B",2510,"GP5","#FF0000FF",0.000437290198111535,0.000618170422163837
"c","Treg",TRUE,"Treg.C",974,"GP5","#FF0000FF",0.00163248755119177,0.00155409716703482
"c","Treg",TRUE,"Treg.D",3819,"GP5","#FF0000FF",0.000379622914575606,0.000376789573470179
"c","Treg",TRUE,"Treg.E",1866,"GP5","#FF0000FF",0.000282479486516577,0.000257368005992814
"c","Treg",TRUE,"Treg.F",2941,"GP5","#FF0000FF",0.000298614825331501,0.000383658719815848
"c","Treg",TRUE,"Treg.P",1786,"GP5","#FF0000FF",0.206267871348562,0.159753024828621
"c","Treg",TRUE,"Treg.A",8101,"GP6","#00FF00FF",0.0054592544437686,0.013048714620106
"c","Treg",TRUE,"Treg.B",2510,"GP6","#00FF00FF",0.0385268612348377,0.054463068637346
"c","Treg",TRUE,"Treg.C",974,"GP6","#00FF00FF",0.0946226252751606,0.0900789434934259
"c","Treg",TRUE,"Treg.D",3819,"GP6","#00FF00FF",0.207269763116928,0.205722791326756
"c","Treg",TRUE,"Treg.E",1866,"GP6","#00FF00FF",0.251963255715064,0.229564565931898
"c","Treg",TRUE,"Treg.F",2941,"GP6","#00FF00FF",0.0928809440185742,0.1193329367954
"c","Treg",TRUE,"Treg.P",1786,"GP6","#00FF00FF",0.0578996914071157,0.0448429063550083
"c","Treg",TRUE,"Treg.A",8101,"GP12","#000033FF",0.0357210407568877,0.0853804620339402
"c","Treg",TRUE,"Treg.B",2510,"GP12","#000033FF",0.172159230255323,0.243370979971496
"c","Treg",TRUE,"Treg.C",974,"GP12","#000033FF",0.107069198303306,0.101927844802481
"c","Treg",TRUE,"Treg.D",3819,"GP12","#000033FF",0.0852531126374706,0.0846168203086174
"c","Treg",TRUE,"Treg.E",1866,"GP12","#000033FF",0.0580248041255177,0.0528665933235181
"c","Treg",TRUE,"Treg.F",2941,"GP12","#000033FF",0.0775625513791441,0.099651948407915
"c","Treg",TRUE,"Treg.P",1786,"GP12","#000033FF",0.0867935662692867,0.067221010507018
"c","Treg",TRUE,"Treg.A",8101,"GP15","#FF00B6FF",0.0659653245792017,0.157670374979348
"c","Treg",TRUE,"Treg.B",2510,"GP15","#FF00B6FF",0.0706900407459663,0.0999301894243856
"c","Treg",TRUE,"Treg.C",974,"GP15","#FF00B6FF",0.304511286946438,0.289888966092333
"c","Treg",TRUE,"Treg.D",3819,"GP15","#FF00B6FF",0.0507121198227657,0.0503336265123769
"c","Treg",TRUE,"Treg.E",1866,"GP15","#FF00B6FF",0.0554657190583737,0.0505350023502452
"c","Treg",TRUE,"Treg.F",2941,"GP15","#FF00B6FF",0.0355075900514974,0.045619960521988
"c","Treg",TRUE,"Treg.P",1786,"GP15","#FF00B6FF",0.153584611312837,0.118950208115021
"c","Treg",TRUE,"Treg.A",8101,"GP21","#005300FF",0.000460682291812075,0.00110112320616485
"c","Treg",TRUE,"Treg.B",2510,"GP21","#005300FF",0.00127554305947916,0.00180315725111513
"c","Treg",TRUE,"Treg.C",974,"GP21","#005300FF",0.00816209041883893,0.00777015517682778
"c","Treg",TRUE,"Treg.D",3819,"GP21","#005300FF",0.000739579054509425,0.000734059156591258
"c","Treg",TRUE,"Treg.E",1866,"GP21","#005300FF",0.000655210700261538,0.000596964662853746
"c","Treg",TRUE,"Treg.F",2941,"GP21","#005300FF",0.00046853156282056,0.00060196682929423
"c","Treg",TRUE,"Treg.P",1786,"GP21","#005300FF",0.257533392672508,0.199457812818007
"c","Treg",TRUE,"Treg.A",8101,"GP25","#FFD300FF",0.0624515817788696,0.149271823946007
"c","Treg",TRUE,"Treg.B",2510,"GP25","#FFD300FF",0.0909198063514376,0.128527772445032
"c","Treg",TRUE,"Treg.C",974,"GP25","#FFD300FF",0.152493727311245,0.145171134341561
"c","Treg",TRUE,"Treg.D",3819,"GP25","#FFD300FF",0.163750075044438,0.162527915367489
"c","Treg",TRUE,"Treg.E",1866,"GP25","#FFD300FF",0.198146078394807,0.180531555479072
"c","Treg",TRUE,"Treg.F",2941,"GP25","#FFD300FF",0.254661896010492,0.327188232870884
"c","Treg",TRUE,"Treg.P",1786,"GP25","#FFD300FF",0.307695119588772,0.238307719752659
"c","Treg",TRUE,"Treg.A",8101,"GP27","#009FFFFF",0.00616175777102313,0.0147278386710985
"c","Treg",TRUE,"Treg.B",2510,"GP27","#009FFFFF",0.077751798768562,0.109912965066051
"c","Treg",TRUE,"Treg.C",974,"GP27","#009FFFFF",0.163533431238827,0.155680722966744
"c","Treg",TRUE,"Treg.D",3819,"GP27","#009FFFFF",0.281762037494137,0.279659087613797
"c","Treg",TRUE,"Treg.E",1866,"GP27","#009FFFFF",0.204096115355807,0.18595265407678
"c","Treg",TRUE,"Treg.F",2941,"GP27","#009FFFFF",0.108201019131832,0.139016086816201
"c","Treg",TRUE,"Treg.P",1786,"GP27","#009FFFFF",0.097632456696075,0.0756156553935178
"c","Treg",TRUE,"Treg.A",8101,"GP68","#9A4D42FF",0.217070204042553,0.518841386539983
"c","Treg",TRUE,"Treg.B",2510,"GP68","#9A4D42FF",0.217437691464472,0.307378372777153
"c","Treg",TRUE,"Treg.C",974,"GP68","#9A4D42FF",0.169087266540386,0.160967868771948
"c","Treg",TRUE,"Treg.D",3819,"GP68","#9A4D42FF",0.117503668349917,0.116626671833659
"c","Treg",TRUE,"Treg.E",1866,"GP68","#9A4D42FF",0.106922902639038,0.097417814604949
"c","Treg",TRUE,"Treg.F",2941,"GP68","#9A4D42FF",0.168510383541031,0.216501233497898
"c","Treg",TRUE,"Treg.P",1786,"GP68","#9A4D42FF",0.0948106583671538,0.0734301923082866
"c","Treg",TRUE,"Treg.A",8101,"GP152","#00FFBEFF",0.00275354192987983,0.00658151826546755
"c","Treg",TRUE,"Treg.B",2510,"GP152","#00FFBEFF",0.00785887774244763,0.0111096150628643
"c","Treg",TRUE,"Treg.C",974,"GP152","#00FFBEFF",0.0325965848800593,0.0310313301808201
"c","Treg",TRUE,"Treg.D",3819,"GP152","#00FFBEFF",0.085664059496475,0.0850247000381545
"c","Treg",TRUE,"Treg.E",1866,"GP152","#00FFBEFF",0.211545051775163,0.192739404989768
"c","Treg",TRUE,"Treg.F",2941,"GP152","#00FFBEFF",0.0253854823959938,0.0326151311045684
"c","Treg",TRUE,"Treg.P",1786,"GP152","#00FFBEFF",0.0188664851922422,0.0146119609304151
"c","Treg",TRUE,"Treg.A",8101,"GP196","#783FC1FF",4.19397627297008e-05,0.000100244456588663
"c","Treg",TRUE,"Treg.B",2510,"GP196","#783FC1FF",5.00885938982683e-10,7.08071833519305e-10
"c","Treg",TRUE,"Treg.C",974,"GP196","#783FC1FF",5.04357611834616e-10,4.80138874659356e-10
"c","Treg",TRUE,"Treg.D",3819,"GP196","#783FC1FF",0.000609136315292088,0.000604589985514143
"c","Treg",TRUE,"Treg.E",1866,"GP196","#783FC1FF",5.33318083436593e-10,4.85907891530844e-10
"c","Treg",TRUE,"Treg.F",2941,"GP196","#783FC1FF",0.000563535205022992,0.000724026997287447
"c","Treg",TRUE,"Treg.P",1786,"GP196","#783FC1FF",5.02863466505631e-10,3.89464240479449e-10
"d","gdT",FALSE,"gdT.A",2231,"GP1","#0000FFFF",0.421964828323509,0.209994743770767
"d","gdT",FALSE,"gdT.B",5563,"GP1","#0000FFFF",0.502096314862556,0.214129368145217
"d","gdT",FALSE,"gdT.C",1319,"GP1","#0000FFFF",0.508188813175109,0.209759743616827
"d","gdT",FALSE,"gdT.D",4354,"GP1","#0000FFFF",0.465485144644789,0.18178893193497
"d","gdT",FALSE,"gdT.E",636,"GP1","#0000FFFF",0.377359103322152,0.139105194102069
"d","gdT",FALSE,"gdT.F",6349,"GP1","#0000FFFF",0.428456385901579,0.199085540684091
"d","gdT",FALSE,"gdT.G",1411,"GP1","#0000FFFF",0.362590603104608,0.267410116859328
"d","gdT",FALSE,"gdT.H",567,"GP1","#0000FFFF",0.333072882459929,0.214973044355095
"d","gdT",FALSE,"gdT.I",3705,"GP1","#0000FFFF",0.364116193470033,0.20024407689434
"d","gdT",FALSE,"gdT.K",2112,"GP1","#0000FFFF",0.362726023907384,0.25956197712841
"d","gdT",FALSE,"gdT.Q",945,"GP1","#0000FFFF",0.355973334237887,0.170242007996255
"d","gdT",FALSE,"gdT.R",1479,"GP1","#0000FFFF",0.42564234407304,0.138990036043348
"d","gdT",FALSE,"gdT.S",1526,"GP1","#0000FFFF",0.417705357291166,0.139682196931072
"d","gdT",FALSE,"gdT.T",218,"GP1","#0000FFFF",0.444132517723741,0.14189925352941
"d","gdT",FALSE,"gdT.U",1518,"GP1","#0000FFFF",0.327219184534199,0.142301137220781
"d","gdT",FALSE,"gdT.V",1883,"GP1","#0000FFFF",0.340876274415596,0.155751857457137
"d","gdT",FALSE,"gdT.Z",3331,"GP1","#0000FFFF",0.385142572298382,0.126073181774513
"d","gdT",FALSE,"gdT.P",2313,"GP1","#0000FFFF",0.466108870276778,0.155144104479262
"d","gdT",FALSE,"gdT.A",2231,"GP2","#FF0000FF",0.00809663657657136,0.00402936692628464
"d","gdT",FALSE,"gdT.B",5563,"GP2","#FF0000FF",0.00687001483561783,0.00292986005344772
"d","gdT",FALSE,"gdT.C",1319,"GP2","#FF0000FF",0.00778418964718371,0.00321299796911387
"d","gdT",FALSE,"gdT.D",4354,"GP2","#FF0000FF",0.0471369080878542,0.0184086823706196
"d","gdT",FALSE,"gdT.E",636,"GP2","#FF0000FF",0.194511807977099,0.0717025309992314
"d","gdT",FALSE,"gdT.F",6349,"GP2","#FF0000FF",0.00654599542175188,0.00304164689974867
"d","gdT",FALSE,"gdT.G",1411,"GP2","#FF0000FF",0.00862931532451499,0.00636410927251418
"d","gdT",FALSE,"gdT.H",567,"GP2","#FF0000FF",0.0138186559634726,0.00891888441779942
"d","gdT",FALSE,"gdT.I",3705,"GP2","#FF0000FF",0.0138064687935685,0.00759280594579262
"d","gdT",FALSE,"gdT.K",2112,"GP2","#FF0000FF",0.0282965097528247,0.0202486106129288
"d","gdT",FALSE,"gdT.Q",945,"GP2","#FF0000FF",0.00816791334866233,0.00390625318211742
"d","gdT",FALSE,"gdT.R",1479,"GP2","#FF0000FF",0.0115094685698528,0.00375832309364669
"d","gdT",FALSE,"gdT.S",1526,"GP2","#FF0000FF",0.00697228375774257,0.00233155715125158
"d","gdT",FALSE,"gdT.T",218,"GP2","#FF0000FF",0.00996700824680125,0.00318443476598193
"d","gdT",FALSE,"gdT.U",1518,"GP2","#FF0000FF",0.0058258134498769,0.00253353079017578
"d","gdT",FALSE,"gdT.V",1883,"GP2","#FF0000FF",0.0117660357256267,0.00537609114132452
"d","gdT",FALSE,"gdT.Z",3331,"GP2","#FF0000FF",0.00471696668079294,0.00154405937059384
"d","gdT",FALSE,"gdT.P",2313,"GP2","#FF0000FF",0.061177072586827,0.020362758030136
"d","gdT",FALSE,"gdT.A",2231,"GP3","#00FF00FF",0.221026287564371,0.109995799432126
"d","gdT",FALSE,"gdT.B",5563,"GP3","#00FF00FF",0.410421819947251,0.175032881893133
"d","gdT",FALSE,"gdT.C",1319,"GP3","#00FF00FF",0.394669632266817,0.162903627020827
"d","gdT",FALSE,"gdT.D",4354,"GP3","#00FF00FF",0.386344695169914,0.150881699022371
"d","gdT",FALSE,"gdT.E",636,"GP3","#00FF00FF",0.232185247253622,0.0855900218187633
"d","gdT",FALSE,"gdT.F",6349,"GP3","#00FF00FF",0.244111151127181,0.11342811569235
"d","gdT",FALSE,"gdT.G",1411,"GP3","#00FF00FF",0.00287061986002704,0.00211707856093302
"d","gdT",FALSE,"gdT.H",567,"GP3","#00FF00FF",0.00203195190381484,0.00131146938027523
"d","gdT",FALSE,"gdT.I",3705,"GP3","#00FF00FF",0.0200580816617375,0.0110308525648049
"d","gdT",FALSE,"gdT.K",2112,"GP3","#00FF00FF",0.0016379082912359,0.0011720656539845
"d","gdT",FALSE,"gdT.Q",945,"GP3","#00FF00FF",0.00011526677640639,5.51256107783783e-05
"d","gdT",FALSE,"gdT.R",1479,"GP3","#00FF00FF",0.000894243573088764,0.000292007945604705
"d","gdT",FALSE,"gdT.S",1526,"GP3","#00FF00FF",0.0010012605697157,0.00033482519109961
"d","gdT",FALSE,"gdT.T",218,"GP3","#00FF00FF",0.00396536215505268,0.0012669235134135
"d","gdT",FALSE,"gdT.U",1518,"GP3","#00FF00FF",0.00163328241955281,0.000710282149367014
"d","gdT",FALSE,"gdT.V",1883,"GP3","#00FF00FF",0.00016113471072732,7.36250433962446e-05
"d","gdT",FALSE,"gdT.Z",3331,"GP3","#00FF00FF",0.347003601384594,0.11358871041625
"d","gdT",FALSE,"gdT.P",2313,"GP3","#00FF00FF",0.258261109546009,0.0859620812162267
"d","gdT",FALSE,"gdT.A",2231,"GP6","#000033FF",0.0144456486139109,0.00718901215376897
"d","gdT",FALSE,"gdT.B",5563,"GP6","#000033FF",0.00247672622952142,0.00105625117511823
"d","gdT",FALSE,"gdT.C",1319,"GP6","#000033FF",0.00212064714082917,0.00087531718335722
"d","gdT",FALSE,"gdT.D",4354,"GP6","#000033FF",0.00183694296692071,0.000717393248364124
"d","gdT",FALSE,"gdT.E",636,"GP6","#000033FF",0.00913651471679752,0.00336797666177283
"d","gdT",FALSE,"gdT.F",6349,"GP6","#000033FF",0.000909119109250517,0.000422429155841674
"d","gdT",FALSE,"gdT.G",1411,"GP6","#000033FF",0.00249655324885729,0.00184120490246091
"d","gdT",FALSE,"gdT.H",567,"GP6","#000033FF",0.00783676567624893,0.00505803223270037
"d","gdT",FALSE,"gdT.I",3705,"GP6","#000033FF",0.00137916912460878,0.000758467909945318
"d","gdT",FALSE,"gdT.K",2112,"GP6","#000033FF",0.000565087946756883,0.00040436951044103
"d","gdT",FALSE,"gdT.Q",945,"GP6","#000033FF",0.172233399514358,0.0823695399547849
"d","gdT",FALSE,"gdT.R",1479,"GP6","#000033FF",0.420748144340026,0.137391875036185
"d","gdT",FALSE,"gdT.S",1526,"GP6","#000033FF",0.384045678965643,0.128426277574441
"d","gdT",FALSE,"gdT.T",218,"GP6","#000033FF",0.431635127999922,0.137906368068185
"d","gdT",FALSE,"gdT.U",1518,"GP6","#000033FF",0.305572722850131,0.132887520110177
"d","gdT",FALSE,"gdT.V",1883,"GP6","#000033FF",0.239076452830283,0.109237880126504
"d","gdT",FALSE,"gdT.Z",3331,"GP6","#000033FF",0.0990311098532382,0.032417000902685
"d","gdT",FALSE,"gdT.P",2313,"GP6","#000033FF",0.0732832359027268,0.0243922884383637
"d","gdT",FALSE,"gdT.A",2231,"GP7","#FF00B6FF",0.000491145506604024,0.000244423155416172
"d","gdT",FALSE,"gdT.B",5563,"GP7","#FF00B6FF",0.000264664989004438,0.000112871863800065
"d","gdT",FALSE,"gdT.C",1319,"GP7","#FF00B6FF",3.53315040248778e-05,1.45834127665096e-05
"d","gdT",FALSE,"gdT.D",4354,"GP7","#FF00B6FF",0.000549418328807846,0.000214567902603403
"d","gdT",FALSE,"gdT.E",636,"GP7","#FF00B6FF",0.000237080350406849,8.73944947154937e-05
"d","gdT",FALSE,"gdT.F",6349,"GP7","#FF00B6FF",0.000214011287742186,9.94419836758806e-05
"d","gdT",FALSE,"gdT.G",1411,"GP7","#FF00B6FF",0.000109275373933751,8.0590451774727e-05
"d","gdT",FALSE,"gdT.H",567,"GP7","#FF00B6FF",5.72326133505144e-05,3.69392699804623e-05
"d","gdT",FALSE,"gdT.I",3705,"GP7","#FF00B6FF",0.00124185546392109,0.000682952874573366
"d","gdT",FALSE,"gdT.K",2112,"GP7","#FF00B6FF",0.000766631236361195,0.00054859124055879
"d","gdT",FALSE,"gdT.Q",945,"GP7","#FF00B6FF",7.04614042324321e-05,3.3697723365843e-05
"d","gdT",FALSE,"gdT.R",1479,"GP7","#FF00B6FF",0.000237295419061923,7.74868837830624e-05
"d","gdT",FALSE,"gdT.S",1526,"GP7","#FF00B6FF",0.000247006127333469,8.2599751042515e-05
"d","gdT",FALSE,"gdT.T",218,"GP7","#FF00B6FF",2.07285103930081e-05,6.62270839032335e-06
"d","gdT",FALSE,"gdT.U",1518,"GP7","#FF00B6FF",0.000201958618924377,8.78278001498824e-05
"d","gdT",FALSE,"gdT.V",1883,"GP7","#FF00B6FF",8.80692660212476e-05,4.02402654488423e-05
"d","gdT",FALSE,"gdT.Z",3331,"GP7","#FF00B6FF",0.0432604575770764,0.0141609469428843
"d","gdT",FALSE,"gdT.P",2313,"GP7","#FF00B6FF",0.0153394873796025,0.00510574070659975
"d","gdT",FALSE,"gdT.A",2231,"GP8","#005300FF",6.21180706273797e-06,3.09136388849218e-06
"d","gdT",FALSE,"gdT.B",5563,"GP8","#005300FF",2.75182538547228e-05,1.17357290542642e-05
"d","gdT",FALSE,"gdT.C",1319,"GP8","#005300FF",1.53211936021752e-08,6.32396770369019e-09
"d","gdT",FALSE,"gdT.D",4354,"GP8","#005300FF",0.000258165712074044,0.000100823129588775
"d","gdT",FALSE,"gdT.E",636,"GP8","#005300FF",0.00197130465363525,0.000726678418684237
"d","gdT",FALSE,"gdT.F",6349,"GP8","#005300FF",0.000279924094608069,0.000130068874124223
"d","gdT",FALSE,"gdT.G",1411,"GP8","#005300FF",0.0003782027195586,0.000278924033242261
"d","gdT",FALSE,"gdT.H",567,"GP8","#005300FF",1.4861606274511e-08,9.59202899150087e-09
"d","gdT",FALSE,"gdT.I",3705,"GP8","#005300FF",0.000381290991420525,0.000209689280439582
"d","gdT",FALSE,"gdT.K",2112,"GP8","#005300FF",1.43429381547779e-08,1.02636181026682e-08
"d","gdT",FALSE,"gdT.Q",945,"GP8","#005300FF",2.00136441929714e-08,9.57139944773824e-09
"d","gdT",FALSE,"gdT.R",1479,"GP8","#005300FF",0.000944433930637456,0.000308397197524443
"d","gdT",FALSE,"gdT.S",1526,"GP8","#005300FF",8.791344233912e-05,2.93985761766075e-05
"d","gdT",FALSE,"gdT.T",218,"GP8","#005300FF",0.000406271992992627,0.000129802908445039
"d","gdT",FALSE,"gdT.U",1518,"GP8","#005300FF",0.00132421516819839,0.00057587492807881
"d","gdT",FALSE,"gdT.V",1883,"GP8","#005300FF",5.62019085434942e-05,2.56795567931285e-05
"d","gdT",FALSE,"gdT.Z",3331,"GP8","#005300FF",0.420961761394312,0.137798292065381
"d","gdT",FALSE,"gdT.P",2313,"GP8","#005300FF",0.13531594821409,0.0450398457231056
"d","gdT",FALSE,"gdT.A",2231,"GP13","#FFD300FF",9.8559158327995e-05,4.9048887040135e-05
"d","gdT",FALSE,"gdT.B",5563,"GP13","#FFD300FF",7.35113126747685e-05,3.13504211614909e-05
"d","gdT",FALSE,"gdT.C",1319,"GP13","#FFD300FF",0.000120427845974442,4.97077335057775e-05
"d","gdT",FALSE,"gdT.D",4354,"GP13","#FFD300FF",3.44220935379431e-05,1.34430833963636e-05
"d","gdT",FALSE,"gdT.E",636,"GP13","#FFD300FF",0.00466859460627525,0.00172097546653161
"d","gdT",FALSE,"gdT.F",6349,"GP13","#FFD300FF",3.37123837737481e-05,1.56647172785703e-05
"d","gdT",FALSE,"gdT.G",1411,"GP13","#FFD300FF",0.000358070958101259,0.000264076884315076
"d","gdT",FALSE,"gdT.H",567,"GP13","#FFD300FF",0.00293695707897246,0.00189558093034762
"d","gdT",FALSE,"gdT.I",3705,"GP13","#FFD300FF",0.000320160575751595,0.000176070880941512
"d","gdT",FALSE,"gdT.K",2112,"GP13","#FFD300FF",0.000193972181836458,0.000138803944870076
"d","gdT",FALSE,"gdT.Q",945,"GP13","#FFD300FF",0.203578612658321,0.0973601909767874
"d","gdT",FALSE,"gdT.R",1479,"GP13","#FFD300FF",0.17068899782197,0.0557371001495272
"d","gdT",FALSE,"gdT.S",1526,"GP13","#FFD300FF",0.300084786729306,0.10034944858685
"d","gdT",FALSE,"gdT.T",218,"GP13","#FFD300FF",0.199927967119241,0.063876496680027
"d","gdT",FALSE,"gdT.U",1518,"GP13","#FFD300FF",0.274875864656237,0.119538064954256
"d","gdT",FALSE,"gdT.V",1883,"GP13","#FFD300FF",0.278209087326919,0.127118210813911
"d","gdT",FALSE,"gdT.Z",3331,"GP13","#FFD300FF",0.000954367531330034,0.000312404184608938
"d","gdT",FALSE,"gdT.P",2313,"GP13","#FFD300FF",0.0315230543509548,0.010492432883386
"d","gdT",FALSE,"gdT.A",2231,"GP15","#009FFFFF",0.0418650314167155,0.0208345244797704
"d","gdT",FALSE,"gdT.B",5563,"GP15","#009FFFFF",0.0499463269396662,0.0213006451395542
"d","gdT",FALSE,"gdT.C",1319,"GP15","#009FFFFF",0.0507209791762951,0.0209355643260649
"d","gdT",FALSE,"gdT.D",4354,"GP15","#009FFFFF",0.0363397774369378,0.014192008924488
"d","gdT",FALSE,"gdT.E",636,"GP15","#009FFFFF",0.044405735511132,0.0163692048320556
"d","gdT",FALSE,"gdT.F",6349,"GP15","#009FFFFF",0.0678785142680362,0.0315402714454792
"d","gdT",FALSE,"gdT.G",1411,"GP15","#009FFFFF",0.0694145148459225,0.0511931179896752
"d","gdT",FALSE,"gdT.H",567,"GP15","#009FFFFF",0.0515441998067537,0.0332678345636204
"d","gdT",FALSE,"gdT.I",3705,"GP15","#009FFFFF",0.0672982190473537,0.037010355461929
"d","gdT",FALSE,"gdT.K",2112,"GP15","#009FFFFF",0.0477852006661988,0.0341944617835398
"d","gdT",FALSE,"gdT.Q",945,"GP15","#009FFFFF",0.0591714684146796,0.0282983825756742
"d","gdT",FALSE,"gdT.R",1479,"GP15","#009FFFFF",0.0701325012615544,0.0229011963069183
"d","gdT",FALSE,"gdT.S",1526,"GP15","#009FFFFF",0.0515273060071176,0.0172309193056309
"d","gdT",FALSE,"gdT.T",218,"GP15","#009FFFFF",0.0922375197955135,0.0294696620582255
"d","gdT",FALSE,"gdT.U",1518,"GP15","#009FFFFF",0.0354843939887164,0.0154314595746352
"d","gdT",FALSE,"gdT.V",1883,"GP15","#009FFFFF",0.0430831837853051,0.0196854002562446
"d","gdT",FALSE,"gdT.Z",3331,"GP15","#009FFFFF",0.044884002947833,0.0146924008650646
"d","gdT",FALSE,"gdT.P",2313,"GP15","#009FFFFF",0.125900736256144,0.0419059971292556
"d","gdT",FALSE,"gdT.A",2231,"GP17","#9A4D42FF",0.0177324194780699,0.00882470441796675
"d","gdT",FALSE,"gdT.B",5563,"GP17","#9A4D42FF",0.0178674985645222,0.00761996466555232
"d","gdT",FALSE,"gdT.C",1319,"GP17","#9A4D42FF",0.0183087845453674,0.00755712414875348
"d","gdT",FALSE,"gdT.D",4354,"GP17","#9A4D42FF",0.0262875734589136,0.0102662565223314
"d","gdT",FALSE,"gdT.E",636,"GP17","#9A4D42FF",0.0246419029919213,0.00908369950150435
"d","gdT",FALSE,"gdT.F",6349,"GP17","#9A4D42FF",0.0182524503972671,0.00848114084821739
"d","gdT",FALSE,"gdT.G",1411,"GP17","#9A4D42FF",0.0197070159142386,0.0145338996197175
"d","gdT",FALSE,"gdT.H",567,"GP17","#9A4D42FF",0.0198135741257392,0.012788145098777
"d","gdT",FALSE,"gdT.I",3705,"GP17","#9A4D42FF",0.0198928262304343,0.0109399710772838
"d","gdT",FALSE,"gdT.K",2112,"GP17","#9A4D42FF",0.0191799489980995,0.0137249195123643
"d","gdT",FALSE,"gdT.Q",945,"GP17","#9A4D42FF",0.0151447242204349,0.00724286909679977
"d","gdT",FALSE,"gdT.R",1479,"GP17","#9A4D42FF",0.0369923172074994,0.0120795394856556
"d","gdT",FALSE,"gdT.S",1526,"GP17","#9A4D42FF",0.0625350636929568,0.0209119536759206
"d","gdT",FALSE,"gdT.T",218,"GP17","#9A4D42FF",0.0302673250603854,0.0096703363545927
"d","gdT",FALSE,"gdT.U",1518,"GP17","#9A4D42FF",0.0386932901829877,0.0168269449228377
"d","gdT",FALSE,"gdT.V",1883,"GP17","#9A4D42FF",0.0231842207339674,0.0105932436899647
"d","gdT",FALSE,"gdT.Z",3331,"GP17","#9A4D42FF",0.0188688898347086,0.00617657238933198
"d","gdT",FALSE,"gdT.P",2313,"GP17","#9A4D42FF",0.023147662518978,0.00770468789869313
"d","gdT",FALSE,"gdT.A",2231,"GP21","#00FFBEFF",0.00230262190075489,0.00114592132707151
"d","gdT",FALSE,"gdT.B",5563,"GP21","#00FFBEFF",0.000455856011326261,0.000194409233410151
"d","gdT",FALSE,"gdT.C",1319,"GP21","#00FFBEFF",0.00160092318118886,0.000660796198834662
"d","gdT",FALSE,"gdT.D",4354,"GP21","#00FFBEFF",0.000577295958435006,0.000225455134071697
"d","gdT",FALSE,"gdT.E",636,"GP21","#00FFBEFF",0.0071716095933442,0.00264365729016147
"d","gdT",FALSE,"gdT.F",6349,"GP21","#00FFBEFF",0.00160303288935968,0.000744861507527777
"d","gdT",FALSE,"gdT.G",1411,"GP21","#00FFBEFF",0.000852512131119487,0.000628726631784462
"d","gdT",FALSE,"gdT.H",567,"GP21","#00FFBEFF",0.000307575998971994,0.000198516758197881
"d","gdT",FALSE,"gdT.I",3705,"GP21","#00FFBEFF",0.00123839361887718,0.000681049048328884
"d","gdT",FALSE,"gdT.K",2112,"GP21","#00FFBEFF",0.000815202117454995,0.000583347924933868
"d","gdT",FALSE,"gdT.Q",945,"GP21","#00FFBEFF",0.00111065609229901,0.000531164290019266
"d","gdT",FALSE,"gdT.R",1479,"GP21","#00FFBEFF",0.00310054395028878,0.00101245733984274
"d","gdT",FALSE,"gdT.S",1526,"GP21","#00FFBEFF",0.00496041768603092,0.00165878178957031
"d","gdT",FALSE,"gdT.T",218,"GP21","#00FFBEFF",0.0036409006465357,0.00116325885473561
"d","gdT",FALSE,"gdT.U",1518,"GP21","#00FFBEFF",0.000957984066327466,0.000416608281301852
"d","gdT",FALSE,"gdT.V",1883,"GP21","#00FFBEFF",0.000783276310438667,0.000357891555996816
"d","gdT",FALSE,"gdT.Z",3331,"GP21","#00FFBEFF",0.00117326686802093,0.00038405904140719
"d","gdT",FALSE,"gdT.P",2313,"GP21","#00FFBEFF",0.149201240749241,0.0496615584026336
"d","gdT",FALSE,"gdT.A",2231,"GP23","#783FC1FF",0.0445880392758542,0.0221896548112189
"d","gdT",FALSE,"gdT.B",5563,"GP23","#783FC1FF",0.0410921100001479,0.0175245810208627
"d","gdT",FALSE,"gdT.C",1319,"GP23","#783FC1FF",0.0526672645878545,0.0217389120549989
"d","gdT",FALSE,"gdT.D",4354,"GP23","#783FC1FF",0.0269204598315386,0.0105134217413278
"d","gdT",FALSE,"gdT.E",636,"GP23","#783FC1FF",0.0360310449323063,0.0132820580049184
"d","gdT",FALSE,"gdT.F",6349,"GP23","#783FC1FF",0.0395327674475718,0.0183692031231533
"d","gdT",FALSE,"gdT.G",1411,"GP23","#783FC1FF",0.0423059099670808,0.0312005557542633
"d","gdT",FALSE,"gdT.H",567,"GP23","#783FC1FF",0.0480340783718859,0.0310023199250927
"d","gdT",FALSE,"gdT.I",3705,"GP23","#783FC1FF",0.040278677263234,0.0221510789460814
"d","gdT",FALSE,"gdT.K",2112,"GP23","#783FC1FF",0.0526903374602198,0.0377045132285017
"d","gdT",FALSE,"gdT.Q",945,"GP23","#783FC1FF",0.144827571189087,0.0692628749432508
"d","gdT",FALSE,"gdT.R",1479,"GP23","#783FC1FF",0.278355495462391,0.090894716857735
"d","gdT",FALSE,"gdT.S",1526,"GP23","#783FC1FF",0.0428211457169426,0.0143195475098461
"d","gdT",FALSE,"gdT.T",218,"GP23","#783FC1FF",0.255550387111981,0.0816477238734805
"d","gdT",FALSE,"gdT.U",1518,"GP23","#783FC1FF",0.0683229684985869,0.0297123047033093
"d","gdT",FALSE,"gdT.V",1883,"GP23","#783FC1FF",0.119753430002196,0.0547172700466827
"d","gdT",FALSE,"gdT.Z",3331,"GP23","#783FC1FF",0.0740177089961674,0.0242290745090037
"d","gdT",FALSE,"gdT.P",2313,"GP23","#783FC1FF",0.0712064547923894,0.023701032883902
"d","gdT",FALSE,"gdT.A",2231,"GP28","#1F9698FF",1.15602643219375e-08,5.75307367169104e-09
"d","gdT",FALSE,"gdT.B",5563,"GP28","#1F9698FF",4.49373231400991e-06,1.9164451770097e-06
"d","gdT",FALSE,"gdT.C",1319,"GP28","#1F9698FF",1.29410487966008e-08,5.34154040256783e-09
"d","gdT",FALSE,"gdT.D",4354,"GP28","#1F9698FF",2.28460911166109e-06,8.92223210720714e-07
"d","gdT",FALSE,"gdT.E",636,"GP28","#1F9698FF",9.47656766066658e-05,3.49332975474301e-05
"d","gdT",FALSE,"gdT.F",6349,"GP28","#1F9698FF",8.14504555926052e-06,3.78465779113029e-06
"d","gdT",FALSE,"gdT.G",1411,"GP28","#1F9698FF",0.000132542620967452,9.7750017397783e-05
"d","gdT",FALSE,"gdT.H",567,"GP28","#1F9698FF",1.29283031828764e-08,8.34422986657572e-09
"d","gdT",FALSE,"gdT.I",3705,"GP28","#1F9698FF",1.2030052433184e-08,6.61587368997828e-09
"d","gdT",FALSE,"gdT.K",2112,"GP28","#1F9698FF",1.3270188456562e-08,9.49597251266241e-09
"d","gdT",FALSE,"gdT.Q",945,"GP28","#1F9698FF",6.64747772438968e-05,3.17911440848041e-05
"d","gdT",FALSE,"gdT.R",1479,"GP28","#1F9698FF",1.50189202033259e-08,4.90430590250254e-09
"d","gdT",FALSE,"gdT.S",1526,"GP28","#1F9698FF",1.85400087032962e-05,6.19984661818074e-06
"d","gdT",FALSE,"gdT.T",218,"GP28","#1F9698FF",5.56387777786058e-08,1.77764534660436e-08
"d","gdT",FALSE,"gdT.U",1518,"GP28","#1F9698FF",2.37738781063607e-05,1.03387883430465e-05
"d","gdT",FALSE,"gdT.V",1883,"GP28","#1F9698FF",1.26552526285779e-08,5.7823886595498e-09
"d","gdT",FALSE,"gdT.Z",3331,"GP28","#1F9698FF",0.000243517514895321,7.97134103806384e-05
"d","gdT",FALSE,"gdT.P",2313,"GP28","#1F9698FF",0.000218489883116051,7.27242483793323e-05
"d","gdT",FALSE,"gdT.A",2231,"GP29","#FFACFDFF",0.241743493164003,0.120305910582445
"d","gdT",FALSE,"gdT.B",5563,"GP29","#FFACFDFF",0.140873449298477,0.0600783988924068
"d","gdT",FALSE,"gdT.C",1319,"GP29","#FFACFDFF",0.15913091359635,0.0656827910652576
"d","gdT",FALSE,"gdT.D",4354,"GP29","#FFACFDFF",0.13444162893433,0.0525043611224576
"d","gdT",FALSE,"gdT.E",636,"GP29","#FFACFDFF",0.210714054362667,0.0776751353660323
"d","gdT",FALSE,"gdT.F",6349,"GP29","#FFACFDFF",0.366731482907875,0.170404591839516
"d","gdT",FALSE,"gdT.G",1411,"GP29","#FFACFDFF",0.12741580264511,0.0939689952892247
"d","gdT",FALSE,"gdT.H",567,"GP29","#FFACFDFF",0.101693298516135,0.0656352381829073
"d","gdT",FALSE,"gdT.I",3705,"GP29","#FFACFDFF",0.519159709571413,0.285509567188247
"d","gdT",FALSE,"gdT.K",2112,"GP29","#FFACFDFF",0.138634755416152,0.0992052095598138
"d","gdT",FALSE,"gdT.Q",945,"GP29","#FFACFDFF",0.0539490890539751,0.0258008124956345
"d","gdT",FALSE,"gdT.R",1479,"GP29","#FFACFDFF",0.0551298875989192,0.018002215172287
"d","gdT",FALSE,"gdT.S",1526,"GP29","#FFACFDFF",0.0934967165846798,0.0312656434743459
"d","gdT",FALSE,"gdT.T",218,"GP29","#FFACFDFF",0.0597922460636676,0.0191034764280843
"d","gdT",FALSE,"gdT.U",1518,"GP29","#FFACFDFF",0.0483012251259268,0.0210052453811979
"d","gdT",FALSE,"gdT.V",1883,"GP29","#FFACFDFF",0.0431440163926076,0.0197131956538491
"d","gdT",FALSE,"gdT.Z",3331,"GP29","#FFACFDFF",0.122554923471498,0.0401173234420147
"d","gdT",FALSE,"gdT.P",2313,"GP29","#FFACFDFF",0.155052469361978,0.0516091369215479
"d","gdT",FALSE,"gdT.A",2231,"GP30","#B1CC71FF",0.0439969512955918,0.0218954943489492
"d","gdT",FALSE,"gdT.B",5563,"GP30","#B1CC71FF",0.053624277632901,0.0228691833556277
"d","gdT",FALSE,"gdT.C",1319,"GP30","#B1CC71FF",0.0319408644503826,0.0131838941832501
"d","gdT",FALSE,"gdT.D",4354,"GP30","#B1CC71FF",0.0505893398053608,0.0197569829162425
"d","gdT",FALSE,"gdT.E",636,"GP30","#B1CC71FF",0.0643301274246392,0.0237138968776269
"d","gdT",FALSE,"gdT.F",6349,"GP30","#B1CC71FF",0.0406759639191982,0.0189003981179087
"d","gdT",FALSE,"gdT.G",1411,"GP30","#B1CC71FF",0.13846653777517,0.102118898643609
"d","gdT",FALSE,"gdT.H",567,"GP30","#B1CC71FF",0.251078367514181,0.162051862756268
"d","gdT",FALSE,"gdT.I",3705,"GP30","#B1CC71FF",0.0593058752206495,0.0326150016147174
"d","gdT",FALSE,"gdT.K",2112,"GP30","#B1CC71FF",0.0530849930912786,0.037986923613009
"d","gdT",FALSE,"gdT.Q",945,"GP30","#B1CC71FF",0.067712687578621,0.032383166915823
"d","gdT",FALSE,"gdT.R",1479,"GP30","#B1CC71FF",0.053143297241815,0.017353510293221
"d","gdT",FALSE,"gdT.S",1526,"GP30","#B1CC71FF",0.117175698661671,0.0391839815561343
"d","gdT",FALSE,"gdT.T",218,"GP30","#B1CC71FF",0.0403270688042984,0.0128843998851678
"d","gdT",FALSE,"gdT.U",1518,"GP30","#B1CC71FF",0.052350507796787,0.0227661981499424
"d","gdT",FALSE,"gdT.V",1883,"GP30","#B1CC71FF",0.0425633514334498,0.0194478804860388
"d","gdT",FALSE,"gdT.Z",3331,"GP30","#B1CC71FF",0.0433385879075609,0.014186522249448
"d","gdT",FALSE,"gdT.P",2313,"GP30","#B1CC71FF",0.0491288513009374,0.0163525135976338
"d","gdT",FALSE,"gdT.A",2231,"GP49","#F1085CFF",0.158184768877932,0.0787221298536571
"d","gdT",FALSE,"gdT.B",5563,"GP49","#F1085CFF",0.148035412892609,0.0631327665380055
"d","gdT",FALSE,"gdT.C",1319,"GP49","#F1085CFF",0.203353998943231,0.0839362881982423
"d","gdT",FALSE,"gdT.D",4354,"GP49","#F1085CFF",0.33455543329717,0.130656102760366
"d","gdT",FALSE,"gdT.E",636,"GP49","#F1085CFF",0.448218696707115,0.165226036040243
"d","gdT",FALSE,"gdT.F",6349,"GP49","#F1085CFF",0.137860701168273,0.064058030488728
"d","gdT",FALSE,"gdT.G",1411,"GP49","#F1085CFF",0.200183525464965,0.147635099971013
"d","gdT",FALSE,"gdT.H",567,"GP49","#F1085CFF",0.233668821637192,0.150815333830901
"d","gdT",FALSE,"gdT.I",3705,"GP49","#F1085CFF",0.140807589703267,0.0774365060535772
"d","gdT",FALSE,"gdT.K",2112,"GP49","#F1085CFF",0.165882388809503,0.118703258030287
"d","gdT",FALSE,"gdT.Q",945,"GP49","#F1085CFF",0.229404488068062,0.10971125344451
"d","gdT",FALSE,"gdT.R",1479,"GP49","#F1085CFF",0.30527220282928,0.0996841481236483
"d","gdT",FALSE,"gdT.S",1526,"GP49","#F1085CFF",0.150620248024989,0.050367961002157
"d","gdT",FALSE,"gdT.T",218,"GP49","#F1085CFF",0.257259405271954,0.082193750997122
"d","gdT",FALSE,"gdT.U",1518,"GP49","#F1085CFF",0.276318042929384,0.120165239698415
"d","gdT",FALSE,"gdT.V",1883,"GP49","#F1085CFF",0.257564144222597,0.117685203952088
"d","gdT",FALSE,"gdT.Z",3331,"GP49","#F1085CFF",0.208965620642423,0.0684031383979694
"d","gdT",FALSE,"gdT.P",2313,"GP49","#F1085CFF",0.186572080151246,0.0621004236171478
"d","gdT",FALSE,"gdT.A",2231,"GP62","#FE8F42FF",0.320370302999519,0.159435277952996
"d","gdT",FALSE,"gdT.B",5563,"GP62","#FE8F42FF",0.49725553159917,0.212064915906008
"d","gdT",FALSE,"gdT.C",1319,"GP62","#FE8F42FF",0.448078467609657,0.184948629425332
"d","gdT",FALSE,"gdT.D",4354,"GP62","#FE8F42FF",0.499288710743073,0.194990457799537
"d","gdT",FALSE,"gdT.E",636,"GP62","#FE8F42FF",0.256629045298034,0.0946006942568333
"d","gdT",FALSE,"gdT.F",6349,"GP62","#FE8F42FF",0.0274884952871413,0.0127727398328233
"d","gdT",FALSE,"gdT.G",1411,"GP62","#FE8F42FF",0.00188850356806022,0.00139276902241879
"d","gdT",FALSE,"gdT.H",567,"GP62","#FE8F42FF",0.00292016808469331,0.00188474491996697
"d","gdT",FALSE,"gdT.I",3705,"GP62","#FE8F42FF",0.00447526532688199,0.00246115220995378
"d","gdT",FALSE,"gdT.K",2112,"GP62","#FE8F42FF",0.000136565351879163,9.7724371577054e-05
"d","gdT",FALSE,"gdT.Q",945,"GP62","#FE8F42FF",9.20064740863541e-05,4.40015175031312e-05
"d","gdT",FALSE,"gdT.R",1479,"GP62","#FE8F42FF",0.000315671683770416,0.00010308001380987
"d","gdT",FALSE,"gdT.S",1526,"GP62","#FE8F42FF",0.000210609207560848,7.04284881496147e-05
"d","gdT",FALSE,"gdT.T",218,"GP62","#FE8F42FF",0.00179781051513176,0.0005743960640216
"d","gdT",FALSE,"gdT.U",1518,"GP62","#FE8F42FF",0.00061117799032967,0.000265789193234585
"d","gdT",FALSE,"gdT.V",1883,"GP62","#FE8F42FF",0.000138961152298715,6.34935875839844e-05
"d","gdT",FALSE,"gdT.Z",3331,"GP62","#FE8F42FF",0.00210504537172879,0.000689068897810537
"d","gdT",FALSE,"gdT.P",2313,"GP62","#FE8F42FF",0.103303907268799,0.034384653896223
"d","gdT",FALSE,"gdT.A",2231,"GP68","#DD00FFFF",0.00135831491173408,0.000675978121169199
"d","gdT",FALSE,"gdT.B",5563,"GP68","#DD00FFFF",0.00112973905174381,0.000481800607090893
"d","gdT",FALSE,"gdT.C",1319,"GP68","#DD00FFFF",0.00114188577178081,0.000471324162434705
"d","gdT",FALSE,"gdT.D",4354,"GP68","#DD00FFFF",0.00145526696597484,0.000568334844770799
"d","gdT",FALSE,"gdT.E",636,"GP68","#DD00FFFF",0.00298707535661881,0.001101120109789
"d","gdT",FALSE,"gdT.F",6349,"GP68","#DD00FFFF",0.00145973892212813,0.000678278868356621
"d","gdT",FALSE,"gdT.G",1411,"GP68","#DD00FFFF",0.00147548040683041,0.00108816495693999
"d","gdT",FALSE,"gdT.H",567,"GP68","#DD00FFFF",0.00284789828513262,0.00183810029758958
"d","gdT",FALSE,"gdT.I",3705,"GP68","#DD00FFFF",0.00152103780934057,0.000836487960478087
"d","gdT",FALSE,"gdT.K",2112,"GP68","#DD00FFFF",0.00741662527754392,0.00530723960724522
"d","gdT",FALSE,"gdT.Q",945,"GP68","#DD00FFFF",0.00275733226828733,0.00131867681345033
"d","gdT",FALSE,"gdT.R",1479,"GP68","#DD00FFFF",0.00191588659166056,0.000625617141099505
"d","gdT",FALSE,"gdT.S",1526,"GP68","#DD00FFFF",0.00347581906576863,0.00116232658922552
"d","gdT",FALSE,"gdT.T",218,"GP68","#DD00FFFF",0.00386283176467837,0.00123416530437094
"d","gdT",FALSE,"gdT.U",1518,"GP68","#DD00FFFF",0.00374939765394299,0.00163053871920292
"d","gdT",FALSE,"gdT.V",1883,"GP68","#DD00FFFF",0.00274738595123238,0.00125532487055517
"d","gdT",FALSE,"gdT.Z",3331,"GP68","#DD00FFFF",0.00149412160931486,0.0004890881423995
"d","gdT",FALSE,"gdT.P",2313,"GP68","#DD00FFFF",0.00152478185651537,0.000507522878753268
"d","gdT",FALSE,"gdT.A",2231,"GP69","#201A01FF",0.00711271405747014,0.00353970868128385
"d","gdT",FALSE,"gdT.B",5563,"GP69","#201A01FF",0.0066602990070627,0.00284042239670879
"d","gdT",FALSE,"gdT.C",1319,"GP69","#201A01FF",0.00693590900431684,0.00286286210317233
"d","gdT",FALSE,"gdT.D",4354,"GP69","#201A01FF",0.00630154057389138,0.00246098150209876
"d","gdT",FALSE,"gdT.E",636,"GP69","#201A01FF",0.00677059274287223,0.00249583118412083
"d","gdT",FALSE,"gdT.F",6349,"GP69","#201A01FF",0.00675607857054172,0.00313926364357998
"d","gdT",FALSE,"gdT.G",1411,"GP69","#201A01FF",0.00710271279329027,0.00523824181269263
"d","gdT",FALSE,"gdT.H",567,"GP69","#201A01FF",0.00643204620357684,0.00415139336352876
"d","gdT",FALSE,"gdT.I",3705,"GP69","#201A01FF",0.00702058862053398,0.0038609414049294
"d","gdT",FALSE,"gdT.K",2112,"GP69","#201A01FF",0.00611460285356052,0.00437552946691917
"d","gdT",FALSE,"gdT.Q",945,"GP69","#201A01FF",0.00688405110034229,0.00329225413746278
"d","gdT",FALSE,"gdT.R",1479,"GP69","#201A01FF",0.0160656574613641,0.00524610941723388
"d","gdT",FALSE,"gdT.S",1526,"GP69","#201A01FF",0.00875558071325419,0.00292789816574501
"d","gdT",FALSE,"gdT.T",218,"GP69","#201A01FF",0.0170997879716486,0.00546334044875634
"d","gdT",FALSE,"gdT.U",1518,"GP69","#201A01FF",0.0101460330235778,0.00441230864745896
"d","gdT",FALSE,"gdT.V",1883,"GP69","#201A01FF",0.00822585284285527,0.00375852458972181
"d","gdT",FALSE,"gdT.Z",3331,"GP69","#201A01FF",0.00778539753254251,0.00254848440267117
"d","gdT",FALSE,"gdT.P",2313,"GP69","#201A01FF",0.00774726264755265,0.00257867249963827
"d","gdT",FALSE,"gdT.A",2231,"GP71","#720055FF",9.05732512122903e-05,4.50746256657869e-05
"d","gdT",FALSE,"gdT.B",5563,"GP71","#720055FF",2.38740425832798e-09,1.01815797131056e-09
"d","gdT",FALSE,"gdT.C",1319,"GP71","#720055FF",2.39480977475102e-09,9.88480405982004e-10
"d","gdT",FALSE,"gdT.D",4354,"GP71","#720055FF",1.33007317200887e-05,5.19442100605297e-06
"d","gdT",FALSE,"gdT.E",636,"GP71","#720055FF",0.000143060201156178,5.27360195498507e-05
"d","gdT",FALSE,"gdT.F",6349,"GP71","#720055FF",1.34112609929151e-06,6.23164511928476e-07
"d","gdT",FALSE,"gdT.G",1411,"GP71","#720055FF",5.26547362037222e-06,3.88328021765424e-06
"d","gdT",FALSE,"gdT.H",567,"GP71","#720055FF",2.36233598243486e-09,1.52470700761627e-09
"d","gdT",FALSE,"gdT.I",3705,"GP71","#720055FF",2.50615509491061e-09,1.37824881874067e-09
"d","gdT",FALSE,"gdT.K",2112,"GP71","#720055FF",5.60607278516732e-06,4.0116320311645e-06
"d","gdT",FALSE,"gdT.Q",945,"GP71","#720055FF",2.50693066456815e-09,1.19892382151934e-09
"d","gdT",FALSE,"gdT.R",1479,"GP71","#720055FF",2.52449907054932e-09,8.24354582416351e-10
"d","gdT",FALSE,"gdT.S",1526,"GP71","#720055FF",7.17510326853859e-05,2.39938073635519e-05
"d","gdT",FALSE,"gdT.T",218,"GP71","#720055FF",2.44432570441051e-09,7.80956086296626e-10
"d","gdT",FALSE,"gdT.U",1518,"GP71","#720055FF",6.0858020317031e-06,2.64659467092272e-06
"d","gdT",FALSE,"gdT.V",1883,"GP71","#720055FF",2.3821923922671e-09,1.08846205430977e-09
"d","gdT",FALSE,"gdT.Z",3331,"GP71","#720055FF",1.40196187334465e-08,4.58920427945274e-09
"d","gdT",FALSE,"gdT.P",2313,"GP71","#720055FF",2.38087869282775e-09,7.92474282785432e-10
"d","gdT",FALSE,"gdT.A",2231,"GP72","#766C95FF",0.000263190290388611,0.000130979109829356
"d","gdT",FALSE,"gdT.B",5563,"GP72","#766C95FF",9.68601370336886e-05,4.13080106894639e-05
"d","gdT",FALSE,"gdT.C",1319,"GP72","#766C95FF",0.000319855925522739,0.000132023561307427
"d","gdT",FALSE,"gdT.D",4354,"GP72","#766C95FF",0.000264409117274395,0.000103261407106472
"d","gdT",FALSE,"gdT.E",636,"GP72","#766C95FF",0.00395216008217281,0.00145687752200259
"d","gdT",FALSE,"gdT.F",6349,"GP72","#766C95FF",0.000649183766381062,0.000301648208279937
"d","gdT",FALSE,"gdT.G",1411,"GP72","#766C95FF",0.00184357410146999,0.00135963359693216
"d","gdT",FALSE,"gdT.H",567,"GP72","#766C95FF",0.00393969801508496,0.00254277343111062
"d","gdT",FALSE,"gdT.I",3705,"GP72","#766C95FF",0.000996366311496802,0.000547947209908191
"d","gdT",FALSE,"gdT.K",2112,"GP72","#766C95FF",0.000282322597483161,0.000202026341538341
"d","gdT",FALSE,"gdT.Q",945,"GP72","#766C95FF",0.0181060088533428,0.00865908484575186
"d","gdT",FALSE,"gdT.R",1479,"GP72","#766C95FF",0.300944930912351,0.0982711127711314
"d","gdT",FALSE,"gdT.S",1526,"GP72","#766C95FF",0.155075961124372,0.0518579677347795
"d","gdT",FALSE,"gdT.T",218,"GP72","#766C95FF",0.265368289862601,0.0847845197979887
"d","gdT",FALSE,"gdT.U",1518,"GP72","#766C95FF",0.0625814951563009,0.0272154517541366
"d","gdT",FALSE,"gdT.V",1883,"GP72","#766C95FF",0.0210175325533178,0.00960324897928807
"d","gdT",FALSE,"gdT.Z",3331,"GP72","#766C95FF",0.0223081238372827,0.00730237671416702
"d","gdT",FALSE,"gdT.P",2313,"GP72","#766C95FF",0.0303809348346517,0.0101122789732922
"d","gdT",FALSE,"gdT.A",2231,"GP73","#02AD24FF",0.00201568919083005,0.00100312658007918
"d","gdT",FALSE,"gdT.B",5563,"GP73","#02AD24FF",0.00198727707468479,0.000847515450194483
"d","gdT",FALSE,"gdT.C",1319,"GP73","#02AD24FF",0.00195686126429182,0.000807713012269936
"d","gdT",FALSE,"gdT.D",4354,"GP73","#02AD24FF",0.00193846881819301,0.000757042797396812
"d","gdT",FALSE,"gdT.E",636,"GP73","#02AD24FF",0.00208337882858656,0.000767992116229044
"d","gdT",FALSE,"gdT.F",6349,"GP73","#02AD24FF",0.00196889594724945,0.000914862579032522
"d","gdT",FALSE,"gdT.G",1411,"GP73","#02AD24FF",0.00200892817151187,0.00148158201703589
"d","gdT",FALSE,"gdT.H",567,"GP73","#02AD24FF",0.00197000869050112,0.0012714897786792
"d","gdT",FALSE,"gdT.I",3705,"GP73","#02AD24FF",0.00201675073832619,0.00110910307523948
"d","gdT",FALSE,"gdT.K",2112,"GP73","#02AD24FF",0.00192033452285233,0.00137416615474704
"d","gdT",FALSE,"gdT.Q",945,"GP73","#02AD24FF",0.00178314262521381,0.000852776744387402
"d","gdT",FALSE,"gdT.R",1479,"GP73","#02AD24FF",0.00184065074014846,0.000601049487389695
"d","gdT",FALSE,"gdT.S",1526,"GP73","#02AD24FF",0.00237778027380074,0.000795138407172345
"d","gdT",FALSE,"gdT.T",218,"GP73","#02AD24FF",0.00205312792577192,0.000655969352481948
"d","gdT",FALSE,"gdT.U",1518,"GP73","#02AD24FF",0.00260182049958686,0.00113148016202838
"d","gdT",FALSE,"gdT.V",1883,"GP73","#02AD24FF",0.00241457878844055,0.00110325992010141
"d","gdT",FALSE,"gdT.Z",3331,"GP73","#02AD24FF",0.00215376148650166,0.000705015708251296
"d","gdT",FALSE,"gdT.P",2313,"GP73","#02AD24FF",0.00190444543937346,0.000633893712526351
"d","gdT",FALSE,"gdT.A",2231,"GP79","#C8FF00FF",0.0300772228370397,0.0149682112798228
"d","gdT",FALSE,"gdT.B",5563,"GP79","#C8FF00FF",0.0328361515026981,0.0140036566002642
"d","gdT",FALSE,"gdT.C",1319,"GP79","#C8FF00FF",0.0276307130234439,0.0114048383779566
"d","gdT",FALSE,"gdT.D",4354,"GP79","#C8FF00FF",0.0306841808132918,0.0119832921018444
"d","gdT",FALSE,"gdT.E",636,"GP79","#C8FF00FF",0.0337132677907905,0.0124276600685298
"d","gdT",FALSE,"gdT.F",6349,"GP79","#C8FF00FF",0.0307501816520721,0.0142883073791858
"d","gdT",FALSE,"gdT.G",1411,"GP79","#C8FF00FF",0.0296159700906536,0.021841740947046
"d","gdT",FALSE,"gdT.H",567,"GP79","#C8FF00FF",0.0488859592628384,0.0315521438170994
"d","gdT",FALSE,"gdT.I",3705,"GP79","#C8FF00FF",0.0315769766700936,0.0173656175084051
"d","gdT",FALSE,"gdT.K",2112,"GP79","#C8FF00FF",0.028857880064357,0.0206503198324463
"d","gdT",FALSE,"gdT.Q",945,"GP79","#C8FF00FF",0.118199583608754,0.0565282073752979
"d","gdT",FALSE,"gdT.R",1479,"GP79","#C8FF00FF",0.0371110527803468,0.0121183116185965
"d","gdT",FALSE,"gdT.S",1526,"GP79","#C8FF00FF",0.222297818426903,0.0743372023098326
"d","gdT",FALSE,"gdT.T",218,"GP79","#C8FF00FF",0.0514700388152785,0.0164445515596332
"d","gdT",FALSE,"gdT.U",1518,"GP79","#C8FF00FF",0.149847999777668,0.0651659248187901
"d","gdT",FALSE,"gdT.V",1883,"GP79","#C8FF00FF",0.0969433141363533,0.044294960893579
"d","gdT",FALSE,"gdT.Z",3331,"GP79","#C8FF00FF",0.0450035407758346,0.01473153056768
"d","gdT",FALSE,"gdT.P",2313,"GP79","#C8FF00FF",0.039406960701782,0.0131165871713556
"d","gdT",FALSE,"gdT.A",2231,"GP81","#886C00FF",1.58883031297287e-08,7.90696266780245e-09
"d","gdT",FALSE,"gdT.B",5563,"GP81","#886C00FF",7.59007330321733e-06,3.23694389399912e-06
"d","gdT",FALSE,"gdT.C",1319,"GP81","#886C00FF",1.62981455864514e-08,6.72721388391869e-09
"d","gdT",FALSE,"gdT.D",4354,"GP81","#886C00FF",1.46460694135703e-05,5.71982445921042e-06
"d","gdT",FALSE,"gdT.E",636,"GP81","#886C00FF",0.000112471431936812,4.14601376587208e-05
"d","gdT",FALSE,"gdT.F",6349,"GP81","#886C00FF",5.12192101612577e-06,2.37993982209159e-06
"d","gdT",FALSE,"gdT.G",1411,"GP81","#886C00FF",0.000239755574359039,0.000176819436598938
"d","gdT",FALSE,"gdT.H",567,"GP81","#886C00FF",1.76011628803743e-08,1.13602030301556e-08
"d","gdT",FALSE,"gdT.I",3705,"GP81","#886C00FF",1.7480384617049e-08,9.61325956981114e-09
"d","gdT",FALSE,"gdT.K",2112,"GP81","#886C00FF",1.72383377844156e-08,1.23355280371964e-08
"d","gdT",FALSE,"gdT.Q",945,"GP81","#886C00FF",0.000813957711546372,0.000389270155682754
"d","gdT",FALSE,"gdT.R",1479,"GP81","#886C00FF",0.00103846725041686,0.000339103011190322
"d","gdT",FALSE,"gdT.S",1526,"GP81","#886C00FF",0.0103001115512311,0.00344439491856501
"d","gdT",FALSE,"gdT.T",218,"GP81","#886C00FF",0.00219662230249366,0.000701815455007476
"d","gdT",FALSE,"gdT.U",1518,"GP81","#886C00FF",0.000604638963699689,0.000262945500169681
"d","gdT",FALSE,"gdT.V",1883,"GP81","#886C00FF",9.0871979589691e-05,4.15208703984058e-05
"d","gdT",FALSE,"gdT.Z",3331,"GP81","#886C00FF",0.000300637729408182,9.8411232188039e-05
"d","gdT",FALSE,"gdT.P",2313,"GP81","#886C00FF",0.00107434486417696,0.00035759515101194
"d","gdT",FALSE,"gdT.A",2231,"GP85","#FFB79FFF",1.52720176057543e-08,7.60026241221287e-09
"d","gdT",FALSE,"gdT.B",5563,"GP85","#FFB79FFF",1.42008412555376e-05,6.05624274699407e-06
"d","gdT",FALSE,"gdT.C",1319,"GP85","#FFB79FFF",0.000123085640381952,5.08047633085832e-05
"d","gdT",FALSE,"gdT.D",4354,"GP85","#FFB79FFF",0.0001515851737879,5.91995408599072e-05
"d","gdT",FALSE,"gdT.E",636,"GP85","#FFB79FFF",0.00146015848090331,0.000538255542579127
"d","gdT",FALSE,"gdT.F",6349,"GP85","#FFB79FFF",4.87939948183111e-05,2.26725033403322e-05
"d","gdT",FALSE,"gdT.G",1411,"GP85","#FFB79FFF",0.000286055497827885,0.000210965572321628
"d","gdT",FALSE,"gdT.H",567,"GP85","#FFB79FFF",1.32370460067177e-08,8.54349972089036e-09
"d","gdT",FALSE,"gdT.I",3705,"GP85","#FFB79FFF",0.000256603050825273,0.000141117703530555
"d","gdT",FALSE,"gdT.K",2112,"GP85","#FFB79FFF",8.56053034327223e-05,6.12580304338692e-05
"d","gdT",FALSE,"gdT.Q",945,"GP85","#FFB79FFF",1.57193989723068e-05,7.51770368212867e-06
"d","gdT",FALSE,"gdT.R",1479,"GP85","#FFB79FFF",0.00123887181659438,0.000404543487834924
"d","gdT",FALSE,"gdT.S",1526,"GP85","#FFB79FFF",0.000221427404769023,7.40461328039017e-05
"d","gdT",FALSE,"gdT.T",218,"GP85","#FFB79FFF",0.00089491681478987,0.000285923734295421
"d","gdT",FALSE,"gdT.U",1518,"GP85","#FFB79FFF",0.000595191485404055,0.000258836979126665
"d","gdT",FALSE,"gdT.V",1883,"GP85","#FFB79FFF",7.48694891870882e-05,3.42090749136118e-05
"d","gdT",FALSE,"gdT.Z",3331,"GP85","#FFB79FFF",0.120548631310942,0.0394605805773111
"d","gdT",FALSE,"gdT.P",2313,"GP85","#FFB79FFF",0.103722060775366,0.0345238360818628
"d","gdT",FALSE,"gdT.A",2231,"GP93","#858567FF",6.65214531134444e-06,3.31050233672724e-06
"d","gdT",FALSE,"gdT.B",5563,"GP93","#858567FF",1.80217999009687e-05,7.68576966491047e-06
"d","gdT",FALSE,"gdT.C",1319,"GP93","#858567FF",2.12680801450083e-08,8.77860142289644e-09
"d","gdT",FALSE,"gdT.D",4354,"GP93","#858567FF",0.000103565888903277,4.04462581571522e-05
"d","gdT",FALSE,"gdT.E",636,"GP93","#858567FF",0.000808473486990008,0.00029802609859954
"d","gdT",FALSE,"gdT.F",6349,"GP93","#858567FF",0.000255862832198984,0.000118888624292786
"d","gdT",FALSE,"gdT.G",1411,"GP93","#858567FF",0.000231211497199056,0.000170518190366291
"d","gdT",FALSE,"gdT.H",567,"GP93","#858567FF",2.12362522918241e-08,1.37063749295637e-08
"d","gdT",FALSE,"gdT.I",3705,"GP93","#858567FF",0.000190299270094268,0.0001046542349862
"d","gdT",FALSE,"gdT.K",2112,"GP93","#858567FF",1.97892130047885e-08,1.41609008308973e-08
"d","gdT",FALSE,"gdT.Q",945,"GP93","#858567FF",1.96507528234593e-08,9.39784893288713e-09
"d","gdT",FALSE,"gdT.R",1479,"GP93","#858567FF",0.000742891441740778,0.000242585141496464
"d","gdT",FALSE,"gdT.S",1526,"GP93","#858567FF",8.06098002615618e-05,2.69562115930946e-05
"d","gdT",FALSE,"gdT.T",218,"GP93","#858567FF",0.00053151680744521,0.000169818320444899
"d","gdT",FALSE,"gdT.U",1518,"GP93","#858567FF",0.000938680980773824,0.000408213752020009
"d","gdT",FALSE,"gdT.V",1883,"GP93","#858567FF",2.16873090817007e-05,9.9092806576607e-06
"d","gdT",FALSE,"gdT.Z",3331,"GP93","#858567FF",0.31710190240454,0.103800640745369
"d","gdT",FALSE,"gdT.P",2313,"GP93","#858567FF",0.0461321640666992,0.0153550677496622
"d","gdT",FALSE,"gdT.A",2231,"GP100","#A10300FF",0.0106252890066736,0.00528777446052004
"d","gdT",FALSE,"gdT.B",5563,"GP100","#A10300FF",0.134071667620908,0.0571776382818093
"d","gdT",FALSE,"gdT.C",1319,"GP100","#A10300FF",0.164504432453507,0.0679007618441796
"d","gdT",FALSE,"gdT.D",4354,"GP100","#A10300FF",0.0883726385955363,0.0345127395951957
"d","gdT",FALSE,"gdT.E",636,"GP100","#A10300FF",0.100248230095513,0.0369543211838732
"d","gdT",FALSE,"gdT.F",6349,"GP100","#A10300FF",0.395655774705905,0.183844485515971
"d","gdT",FALSE,"gdT.G",1411,"GP100","#A10300FF",0.00236783482451649,0.00174627522529829
"d","gdT",FALSE,"gdT.H",567,"GP100","#A10300FF",0.000106385112449309,6.86634448544107e-05
"d","gdT",FALSE,"gdT.I",3705,"GP100","#A10300FF",0.0295197855807765,0.0162342744424739
"d","gdT",FALSE,"gdT.K",2112,"GP100","#A10300FF",0.00260987661805359,0.00186759341870703
"d","gdT",FALSE,"gdT.Q",945,"GP100","#A10300FF",1.31977696381278e-06,6.31175031432385e-07
"d","gdT",FALSE,"gdT.R",1479,"GP100","#A10300FF",9.65813423695208e-05,3.15378496617598e-05
"d","gdT",FALSE,"gdT.S",1526,"GP100","#A10300FF",0.000580520764540021,0.000194128263714205
"d","gdT",FALSE,"gdT.T",218,"GP100","#A10300FF",0.00431493989209681,0.00137861274569781
"d","gdT",FALSE,"gdT.U",1518,"GP100","#A10300FF",0.000110493544649026,4.8051452366688e-05
"d","gdT",FALSE,"gdT.V",1883,"GP100","#A10300FF",1.93427752759544e-05,8.83802541778789e-06
"d","gdT",FALSE,"gdT.Z",3331,"GP100","#A10300FF",0.00549049288501047,0.00179726666775057
"d","gdT",FALSE,"gdT.P",2313,"GP100","#A10300FF",0.114853602119694,0.0382289640540341
"d","gdT",FALSE,"gdT.A",2231,"GP101","#14F9FFFF",0.0368833623751982,0.0183553502839483
"d","gdT",FALSE,"gdT.B",5563,"GP101","#14F9FFFF",0.0389815970086879,0.0166245090626621
"d","gdT",FALSE,"gdT.C",1319,"GP101","#14F9FFFF",0.0470766368904363,0.0194313275469088
"d","gdT",FALSE,"gdT.D",4354,"GP101","#14F9FFFF",0.0439075904943987,0.017147516030626
"d","gdT",FALSE,"gdT.E",636,"GP101","#14F9FFFF",0.0503288810525548,0.0185526431087017
"d","gdT",FALSE,"gdT.F",6349,"GP101","#14F9FFFF",0.0401443614057312,0.018653384939193
"d","gdT",FALSE,"gdT.G",1411,"GP101","#14F9FFFF",0.0435792206569608,0.0321396207974928
"d","gdT",FALSE,"gdT.H",567,"GP101","#14F9FFFF",0.0516252189871626,0.0333201262414509
"d","gdT",FALSE,"gdT.I",3705,"GP101","#14F9FFFF",0.0519047529156935,0.0285447874069552
"d","gdT",FALSE,"gdT.K",2112,"GP101","#14F9FFFF",0.119854338253406,0.0857661897796849
"d","gdT",FALSE,"gdT.Q",945,"GP101","#14F9FFFF",0.0288294336618124,0.0137874953091344
"d","gdT",FALSE,"gdT.R",1479,"GP101","#14F9FFFF",0.043058423935529,0.0140603771643123
"d","gdT",FALSE,"gdT.S",1526,"GP101","#14F9FFFF",0.053484036949717,0.0178852572787845
"d","gdT",FALSE,"gdT.T",218,"GP101","#14F9FFFF",0.0514991399673167,0.0164538493065584
"d","gdT",FALSE,"gdT.U",1518,"GP101","#14F9FFFF",0.0484446329047839,0.0210676105815963
"d","gdT",FALSE,"gdT.V",1883,"GP101","#14F9FFFF",0.034863030480717,0.0159294798773124
"d","gdT",FALSE,"gdT.Z",3331,"GP101","#14F9FFFF",0.0417288306665155,0.0136595817555628
"d","gdT",FALSE,"gdT.P",2313,"GP101","#14F9FFFF",0.0489344334335809,0.0162878017076673
"d","gdT",FALSE,"gdT.A",2231,"GP107","#00479EFF",1.39588828931005e-08,6.94676863972046e-09
"d","gdT",FALSE,"gdT.B",5563,"GP107","#00479EFF",2.42105314530987e-05,1.03250823578163e-05
"d","gdT",FALSE,"gdT.C",1319,"GP107","#00479EFF",1.42687157327808e-08,5.88954749938221e-09
"d","gdT",FALSE,"gdT.D",4354,"GP107","#00479EFF",0.000121700621947812,4.75285330460908e-05
"d","gdT",FALSE,"gdT.E",636,"GP107","#00479EFF",0.000732192728577598,0.000269906862540849
"d","gdT",FALSE,"gdT.F",6349,"GP107","#00479EFF",5.35450531856376e-05,2.48801189927177e-05
"d","gdT",FALSE,"gdT.G",1411,"GP107","#00479EFF",1.41005819001508e-08,1.03991615376089e-08
"d","gdT",FALSE,"gdT.H",567,"GP107","#00479EFF",1.46303288694338e-08,9.44275713396391e-09
"d","gdT",FALSE,"gdT.I",3705,"GP107","#00479EFF",0.000143954764224303,7.91672806472155e-05
"d","gdT",FALSE,"gdT.K",2112,"GP107","#00479EFF",0.000253173559478535,0.000181167672909139
"d","gdT",FALSE,"gdT.Q",945,"GP107","#00479EFF",1.39805515866666e-08,6.68611085744647e-09
"d","gdT",FALSE,"gdT.R",1479,"GP107","#00479EFF",0.000193836507507994,6.32957306532209e-05
"d","gdT",FALSE,"gdT.S",1526,"GP107","#00479EFF",1.73712988172622e-08,5.80902576418221e-09
"d","gdT",FALSE,"gdT.T",218,"GP107","#00479EFF",1.47916718343014e-08,4.72590298611042e-09
"d","gdT",FALSE,"gdT.U",1518,"GP107","#00479EFF",0.00051369471857599,0.000223395650660673
"d","gdT",FALSE,"gdT.V",1883,"GP107","#00479EFF",6.89833368597184e-06,3.15195971556328e-06
"d","gdT",FALSE,"gdT.Z",3331,"GP107","#00479EFF",0.149460054449048,0.0489244917801123
"d","gdT",FALSE,"gdT.P",2313,"GP107","#00479EFF",0.0577879890279651,0.0192347032616593
"d","gdT",FALSE,"gdT.A",2231,"GP110","#DC5E93FF",5.48210982333398e-09,2.72822323189368e-09
"d","gdT",FALSE,"gdT.B",5563,"GP110","#DC5E93FF",5.9197023785274e-09,2.52457963223411e-09
"d","gdT",FALSE,"gdT.C",1319,"GP110","#DC5E93FF",3.11026271737259e-05,1.28379038117915e-05
"d","gdT",FALSE,"gdT.D",4354,"GP110","#DC5E93FF",2.41585635639828e-06,9.43480048268962e-07
"d","gdT",FALSE,"gdT.E",636,"GP110","#DC5E93FF",0.000105247621009687,3.87972374866357e-05
"d","gdT",FALSE,"gdT.F",6349,"GP110","#DC5E93FF",1.41885225025198e-05,6.59280563172985e-06
"d","gdT",FALSE,"gdT.G",1411,"GP110","#DC5E93FF",0.000195676115250593,0.000144310890568348
"d","gdT",FALSE,"gdT.H",567,"GP110","#DC5E93FF",5.94789543749608e-09,3.83891111236934e-09
"d","gdT",FALSE,"gdT.I",3705,"GP110","#DC5E93FF",1.23875597226002e-05,6.81248322955936e-06
"d","gdT",FALSE,"gdT.K",2112,"GP110","#DC5E93FF",6.24121911874864e-09,4.46613440277356e-09
"d","gdT",FALSE,"gdT.Q",945,"GP110","#DC5E93FF",8.25524115411746e-05,3.9480171557769e-05
"d","gdT",FALSE,"gdT.R",1479,"GP110","#DC5E93FF",0.000405258154141908,0.000132333745068791
"d","gdT",FALSE,"gdT.S",1526,"GP110","#DC5E93FF",6.21384577544286e-05,2.07793272016786e-05
"d","gdT",FALSE,"gdT.T",218,"GP110","#DC5E93FF",0.000338976021428657,0.000108302010065867
"d","gdT",FALSE,"gdT.U",1518,"GP110","#DC5E93FF",1.17636364032653e-05,5.11577229317823e-06
"d","gdT",FALSE,"gdT.V",1883,"GP110","#DC5E93FF",1.11628618617481e-05,5.10049129258245e-06
"d","gdT",FALSE,"gdT.Z",3331,"GP110","#DC5E93FF",0.000292804781196764,9.58471824705662e-05
"d","gdT",FALSE,"gdT.P",2313,"GP110","#DC5E93FF",0.000284468682474468,9.46852587651681e-05
"d","gdT",FALSE,"gdT.A",2231,"GP113","#93D4FFFF",2.37401878402169e-05,1.18145265385818e-05
"d","gdT",FALSE,"gdT.B",5563,"GP113","#93D4FFFF",1.84138185088342e-07,7.85295411601799e-08
"d","gdT",FALSE,"gdT.C",1319,"GP113","#93D4FFFF",6.20028196319094e-09,2.55922507783111e-09
"d","gdT",FALSE,"gdT.D",4354,"GP113","#93D4FFFF",6.63144641797372e-09,2.5898217706332e-09
"d","gdT",FALSE,"gdT.E",636,"GP113","#93D4FFFF",6.53094011646281e-09,2.4074884760206e-09
"d","gdT",FALSE,"gdT.F",6349,"GP113","#93D4FFFF",6.26655862574741e-09,2.91180445265218e-09
"d","gdT",FALSE,"gdT.G",1411,"GP113","#93D4FFFF",6.45410064682793e-09,4.759891164891e-09
"d","gdT",FALSE,"gdT.H",567,"GP113","#93D4FFFF",6.28694527638246e-09,4.05774182448016e-09
"d","gdT",FALSE,"gdT.I",3705,"GP113","#93D4FFFF",6.27698529606905e-09,3.45200007259259e-09
"d","gdT",FALSE,"gdT.K",2112,"GP113","#93D4FFFF",6.29523624641135e-09,4.50478834963928e-09
"d","gdT",FALSE,"gdT.Q",945,"GP113","#93D4FFFF",6.03918837933774e-09,2.88820385540183e-09
"d","gdT",FALSE,"gdT.R",1479,"GP113","#93D4FFFF",5.98801642662101e-09,1.95533792761322e-09
"d","gdT",FALSE,"gdT.S",1526,"GP113","#93D4FFFF",2.65292339015341e-05,8.87147270098689e-06
"d","gdT",FALSE,"gdT.T",218,"GP113","#93D4FFFF",6.1055617851345e-09,1.9507120625362e-09
"d","gdT",FALSE,"gdT.U",1518,"GP113","#93D4FFFF",6.95827474523568e-09,3.02601575989866e-09
"d","gdT",FALSE,"gdT.V",1883,"GP113","#93D4FFFF",6.48467702287274e-09,2.96295332684449e-09
"d","gdT",FALSE,"gdT.Z",3331,"GP113","#93D4FFFF",6.50228636628577e-09,2.1284687540893e-09
"d","gdT",FALSE,"gdT.P",2313,"GP113","#93D4FFFF",6.19538463919315e-09,2.06213068028815e-09
"d","gdT",FALSE,"gdT.A",2231,"GP117","#004CFFFF",1.4279503221391e-09,7.10632834509819e-10
"d","gdT",FALSE,"gdT.B",5563,"GP117","#004CFFFF",0.00100989915472511,0.000430692402016281
"d","gdT",FALSE,"gdT.C",1319,"GP117","#004CFFFF",0.00297749848625492,0.00122899068791802
"d","gdT",FALSE,"gdT.D",4354,"GP117","#004CFFFF",0.000345634328920544,0.000134982815708271
"d","gdT",FALSE,"gdT.E",636,"GP117","#004CFFFF",0.00140458240612202,0.000517768636070652
"d","gdT",FALSE,"gdT.F",6349,"GP117","#004CFFFF",0.00221203929036408,0.00102784099532069
"d","gdT",FALSE,"gdT.G",1411,"GP117","#004CFFFF",0.00102728828434039,0.000757623826463115
"d","gdT",FALSE,"gdT.H",567,"GP117","#004CFFFF",1.44235004964385e-09,9.30926525472885e-10
"d","gdT",FALSE,"gdT.I",3705,"GP117","#004CFFFF",9.6408177063194e-05,5.30192470626117e-05
"d","gdT",FALSE,"gdT.K",2112,"GP117","#004CFFFF",0.00366870568790789,0.0026252775899497
"d","gdT",FALSE,"gdT.Q",945,"GP117","#004CFFFF",0.000211314205615172,0.000101059689650854
"d","gdT",FALSE,"gdT.R",1479,"GP117","#004CFFFF",0.000249071635445799,8.13323111998618e-05
"d","gdT",FALSE,"gdT.S",1526,"GP117","#004CFFFF",1.41533379780554e-09,4.73292790761284e-10
"d","gdT",FALSE,"gdT.T",218,"GP117","#004CFFFF",1.41620415242742e-09,4.52473764147351e-10
"d","gdT",FALSE,"gdT.U",1518,"GP117","#004CFFFF",0.00136626407203745,0.000594161162865757
"d","gdT",FALSE,"gdT.V",1883,"GP117","#004CFFFF",0.00108830379003952,0.000497263521982868
"d","gdT",FALSE,"gdT.Z",3331,"GP117","#004CFFFF",1.44027685017326e-09,4.71462513359445e-10
"d","gdT",FALSE,"gdT.P",2313,"GP117","#004CFFFF",0.00544853055010153,0.0018135406700616
"d","gdT",FALSE,"gdT.A",2231,"GP121","#004250FF",0.0347232125692398,0.0172803315275012
"d","gdT",FALSE,"gdT.B",5563,"GP121","#004250FF",0.0655463625037056,0.0279536032662934
"d","gdT",FALSE,"gdT.C",1319,"GP121","#004250FF",0.0670592336163639,0.0276793335190212
"d","gdT",FALSE,"gdT.D",4354,"GP121","#004250FF",0.167210457967268,0.0653017844112355
"d","gdT",FALSE,"gdT.E",636,"GP121","#004250FF",0.305590767716391,0.112649364185866
"d","gdT",FALSE,"gdT.F",6349,"GP121","#004250FF",0.0495509337994129,0.0230242208342853
"d","gdT",FALSE,"gdT.G",1411,"GP121","#004250FF",0.0234725464445145,0.0173109736820806
"d","gdT",FALSE,"gdT.H",567,"GP121","#004250FF",0.0363669036472312,0.0234720519217119
"d","gdT",FALSE,"gdT.I",3705,"GP121","#004250FF",0.0411409786803932,0.0226252977651846
"d","gdT",FALSE,"gdT.K",2112,"GP121","#004250FF",0.0281026319049856,0.0201098741722278
"d","gdT",FALSE,"gdT.Q",945,"GP121","#004250FF",0.0256755789653194,0.012279184138555
"d","gdT",FALSE,"gdT.R",1479,"GP121","#004250FF",0.0295231534257689,0.00964054496903333
"d","gdT",FALSE,"gdT.S",1526,"GP121","#004250FF",0.0251059916833547,0.00839553530557119
"d","gdT",FALSE,"gdT.T",218,"GP121","#004250FF",0.0286637687344727,0.00915800402908414
"d","gdT",FALSE,"gdT.U",1518,"GP121","#004250FF",0.0336184214228699,0.0146199850930252
"d","gdT",FALSE,"gdT.V",1883,"GP121","#004250FF",0.0340688190396694,0.0155665918840986
"d","gdT",FALSE,"gdT.Z",3331,"GP121","#004250FF",0.0316615851883218,0.0103641536195174
"d","gdT",FALSE,"gdT.P",2313,"GP121","#004250FF",0.0688326914805323,0.0229109269521158
"d","gdT",FALSE,"gdT.A",2231,"GP150","#39A76AFF",4.3813193214325e-09,2.18040454209787e-09
"d","gdT",FALSE,"gdT.B",5563,"GP150","#39A76AFF",7.80136958635706e-06,3.32705556831509e-06
"d","gdT",FALSE,"gdT.C",1319,"GP150","#39A76AFF",4.28849218731335e-09,1.77011574909196e-09
"d","gdT",FALSE,"gdT.D",4354,"GP150","#39A76AFF",0.00015235239845824,5.9499170085415e-05
"d","gdT",FALSE,"gdT.E",636,"GP150","#39A76AFF",0.00144224950538523,0.000531653789782704
"d","gdT",FALSE,"gdT.F",6349,"GP150","#39A76AFF",6.27725895479253e-05,2.91677644248252e-05
"d","gdT",FALSE,"gdT.G",1411,"GP150","#39A76AFF",0.000277424025809057,0.000204599872489752
"d","gdT",FALSE,"gdT.H",567,"GP150","#39A76AFF",4.12749181089793e-09,2.66397994813102e-09
"d","gdT",FALSE,"gdT.I",3705,"GP150","#39A76AFF",0.00020317007697378,0.000111732477834757
"d","gdT",FALSE,"gdT.K",2112,"GP150","#39A76AFF",4.02320886730637e-09,2.87895540758121e-09
"d","gdT",FALSE,"gdT.Q",945,"GP150","#39A76AFF",1.06358997567143e-08,5.08655215792064e-09
"d","gdT",FALSE,"gdT.R",1479,"GP150","#39A76AFF",0.000402226457699589,0.000131343769321176
"d","gdT",FALSE,"gdT.S",1526,"GP150","#39A76AFF",4.93369184122635e-05,1.64984456946532e-05
"d","gdT",FALSE,"gdT.T",218,"GP150","#39A76AFF",6.59613619231179e-05,2.10744938619776e-05
"d","gdT",FALSE,"gdT.U",1518,"GP150","#39A76AFF",0.000494530427462628,0.000215061480329727
"d","gdT",FALSE,"gdT.V",1883,"GP150","#39A76AFF",4.3791299089188e-05,2.0008949538349e-05
"d","gdT",FALSE,"gdT.Z",3331,"GP150","#39A76AFF",0.136961509822662,0.0448331983165101
"d","gdT",FALSE,"gdT.P",2313,"GP150","#39A76AFF",0.101927213530934,0.0339264220737383
"d","gdT",FALSE,"gdT.A",2231,"GP151","#EE70FEFF",1.94972112315163e-05,9.7029695414988e-06
"d","gdT",FALSE,"gdT.B",5563,"GP151","#EE70FEFF",0.000238186780698594,0.000101579683701711
"d","gdT",FALSE,"gdT.C",1319,"GP151","#EE70FEFF",0.000155377586757579,6.41335698801397e-05
"d","gdT",FALSE,"gdT.D",4354,"GP151","#EE70FEFF",0.000350745947722322,0.000136979089344765
"d","gdT",FALSE,"gdT.E",636,"GP151","#EE70FEFF",0.00254187362936204,0.000937006213663486
"d","gdT",FALSE,"gdT.F",6349,"GP151","#EE70FEFF",0.000230192170988566,0.000106960554984074
"d","gdT",FALSE,"gdT.G",1411,"GP151","#EE70FEFF",0.000646725602904838,0.000476959324284552
"d","gdT",FALSE,"gdT.H",567,"GP151","#EE70FEFF",0.00424192375770425,0.00273783700846794
"d","gdT",FALSE,"gdT.I",3705,"GP151","#EE70FEFF",0.000330643197541416,0.000181835752049635
"d","gdT",FALSE,"gdT.K",2112,"GP151","#EE70FEFF",0.00012021265492727,8.60225964838538e-05
"d","gdT",FALSE,"gdT.Q",945,"GP151","#EE70FEFF",0.0932744318138408,0.0446079103107381
"d","gdT",FALSE,"gdT.R",1479,"GP151","#EE70FEFF",0.217326292338317,0.0709661283137903
"d","gdT",FALSE,"gdT.S",1526,"GP151","#EE70FEFF",0.191477897864606,0.0640309083199714
"d","gdT",FALSE,"gdT.T",218,"GP151","#EE70FEFF",0.157121410139039,0.0501999063848913
"d","gdT",FALSE,"gdT.U",1518,"GP151","#EE70FEFF",0.0628172281584751,0.0273179673640865
"d","gdT",FALSE,"gdT.V",1883,"GP151","#EE70FEFF",0.0315913784768455,0.0144346094072864
"d","gdT",FALSE,"gdT.Z",3331,"GP151","#EE70FEFF",0.00168495674836243,0.000551556420135021
"d","gdT",FALSE,"gdT.P",2313,"GP151","#EE70FEFF",0.0197852333030204,0.00658550501492848
"d","gdT",FALSE,"gdT.A",2231,"GP162","#000064FF",6.44840930349805e-05,3.2091112067258e-05
"d","gdT",FALSE,"gdT.B",5563,"GP162","#000064FF",2.8483884374229e-05,1.21475421803179e-05
"d","gdT",FALSE,"gdT.C",1319,"GP162","#000064FF",2.34983657517939e-08,9.69917292101488e-09
"d","gdT",FALSE,"gdT.D",4354,"GP162","#000064FF",4.74405760697952e-05,1.85272757967149e-05
"d","gdT",FALSE,"gdT.E",636,"GP162","#000064FF",0.00432862438020484,0.00159565286567182
"d","gdT",FALSE,"gdT.F",6349,"GP162","#000064FF",3.31219377911549e-05,1.53903620313215e-05
"d","gdT",FALSE,"gdT.G",1411,"GP162","#000064FF",0.000139055067568307,0.000102552938630886
"d","gdT",FALSE,"gdT.H",567,"GP162","#000064FF",0.00151332103169535,0.000976732860590298
"d","gdT",FALSE,"gdT.I",3705,"GP162","#000064FF",0.000124292468119972,6.83540885847787e-05
"d","gdT",FALSE,"gdT.K",2112,"GP162","#000064FF",0.000129217287506086,9.24661932522758e-05
"d","gdT",FALSE,"gdT.Q",945,"GP162","#000064FF",0.123320489497842,0.058977248405814
"d","gdT",FALSE,"gdT.R",1479,"GP162","#000064FF",0.0826533067540638,0.0269897632244922
"d","gdT",FALSE,"gdT.S",1526,"GP162","#000064FF",0.182288840628663,0.0609580540219904
"d","gdT",FALSE,"gdT.T",218,"GP162","#000064FF",0.106672342234296,0.0340815525349479
"d","gdT",FALSE,"gdT.U",1518,"GP162","#000064FF",0.1402910754739,0.0610098078762733
"d","gdT",FALSE,"gdT.V",1883,"GP162","#000064FF",0.175770251389462,0.0803122575384615
"d","gdT",FALSE,"gdT.Z",3331,"GP162","#000064FF",0.000500031640973539,0.00016368115212313
"d","gdT",FALSE,"gdT.P",2313,"GP162","#000064FF",0.0187734653141454,0.00624873854558068
"d","gdT",FALSE,"gdT.A",2231,"GP167","#ABF5CCFF",2.94575039594312e-10,1.46598023836824e-10
"d","gdT",FALSE,"gdT.B",5563,"GP167","#ABF5CCFF",2.68961797751449e-10,1.14704326845109e-10
"d","gdT",FALSE,"gdT.C",1319,"GP167","#ABF5CCFF",2.68907992835974e-10,1.10994319771367e-10
"d","gdT",FALSE,"gdT.D",4354,"GP167","#ABF5CCFF",0.000125963915544397,4.91935047393116e-05
"d","gdT",FALSE,"gdT.E",636,"GP167","#ABF5CCFF",2.67325830619138e-10,9.85438306096089e-11
"d","gdT",FALSE,"gdT.F",6349,"GP167","#ABF5CCFF",3.81421485287263e-05,1.77230413936197e-05
"d","gdT",FALSE,"gdT.G",1411,"GP167","#ABF5CCFF",0.00117548841682785,0.000866921239048314
"d","gdT",FALSE,"gdT.H",567,"GP167","#ABF5CCFF",2.68553680187522e-10,1.73330839113333e-10
"d","gdT",FALSE,"gdT.I",3705,"GP167","#ABF5CCFF",0.000189546880621414,0.000104240461750737
"d","gdT",FALSE,"gdT.K",2112,"GP167","#ABF5CCFF",0.000445721199219118,0.000318952234171376
"d","gdT",FALSE,"gdT.Q",945,"GP167","#ABF5CCFF",2.68591815757639e-10,1.28452346420374e-10
"d","gdT",FALSE,"gdT.R",1479,"GP167","#ABF5CCFF",2.68282067322491e-10,8.76053210545664e-11
"d","gdT",FALSE,"gdT.S",1526,"GP167","#ABF5CCFF",0.000616657893598267,0.000206212651643467
"d","gdT",FALSE,"gdT.T",218,"GP167","#ABF5CCFF",2.68682181977117e-10,8.58433002262646e-11
"d","gdT",FALSE,"gdT.U",1518,"GP167","#ABF5CCFF",0.000550978454312008,0.000239609608294688
"d","gdT",FALSE,"gdT.V",1883,"GP167","#ABF5CCFF",2.68792152089706e-10,1.22815461503288e-10
"d","gdT",FALSE,"gdT.Z",3331,"GP167","#ABF5CCFF",2.68271244663562e-10,8.7816335627372e-11
"d","gdT",FALSE,"gdT.P",2313,"GP167","#ABF5CCFF",0.000321225127917572,0.000106919623257577
"d","gdT",FALSE,"gdT.A",2231,"GP170","#A192FFFF",0.218872703165726,0.108924048012039
"d","gdT",FALSE,"gdT.B",5563,"GP170","#A192FFFF",0.0710635532583674,0.0303065234835146
"d","gdT",FALSE,"gdT.C",1319,"GP170","#A192FFFF",0.108214151804893,0.0446664156113276
"d","gdT",FALSE,"gdT.D",4354,"GP170","#A192FFFF",0.0760804478748852,0.0297121906454471
"d","gdT",FALSE,"gdT.E",636,"GP170","#A192FFFF",0.0978052941579872,0.0360537861900789
"d","gdT",FALSE,"gdT.F",6349,"GP170","#A192FFFF",0.0743873825949995,0.0345646669563275
"d","gdT",FALSE,"gdT.G",1411,"GP170","#A192FFFF",0.0386390510817545,0.0284962519067947
"d","gdT",FALSE,"gdT.H",567,"GP170","#A192FFFF",0.0889372373950667,0.0574021773797494
"d","gdT",FALSE,"gdT.I",3705,"GP170","#A192FFFF",0.15878542342126,0.087323335538176
"d","gdT",FALSE,"gdT.K",2112,"GP170","#A192FFFF",0.0612898044451175,0.043858178821077
"d","gdT",FALSE,"gdT.Q",945,"GP170","#A192FFFF",0.0895000541323208,0.0428028379257128
"d","gdT",FALSE,"gdT.R",1479,"GP170","#A192FFFF",0.0439930745388917,0.0143655796961051
"d","gdT",FALSE,"gdT.S",1526,"GP170","#A192FFFF",0.0839499286792578,0.0280731627340647
"d","gdT",FALSE,"gdT.T",218,"GP170","#A192FFFF",0.0569489897291763,0.0181950629808436
"d","gdT",FALSE,"gdT.U",1518,"GP170","#A192FFFF",0.0554004414549269,0.024092553842134
"d","gdT",FALSE,"gdT.V",1883,"GP170","#A192FFFF",0.102644420933989,0.0468998883700235
"d","gdT",FALSE,"gdT.Z",3331,"GP170","#A192FFFF",0.0698796727715577,0.0228745231541081
"d","gdT",FALSE,"gdT.P",2313,"GP170","#A192FFFF",0.126271201394563,0.0420293062653952
"d","gdT",FALSE,"gdT.A",2231,"GP171","#A4FF73FF",0.0871270938177577,0.0433596132038862
"d","gdT",FALSE,"gdT.B",5563,"GP171","#A4FF73FF",0.0577958433826618,0.0246482339316453
"d","gdT",FALSE,"gdT.C",1319,"GP171","#A4FF73FF",0.0711529774747287,0.0293690650516743
"d","gdT",FALSE,"gdT.D",4354,"GP171","#A4FF73FF",0.0598461654255751,0.0233721110507637
"d","gdT",FALSE,"gdT.E",636,"GP171","#A4FF73FF",0.100829970176942,0.0371687669630574
"d","gdT",FALSE,"gdT.F",6349,"GP171","#A4FF73FF",0.103110014816952,0.0479108579665167
"d","gdT",FALSE,"gdT.G",1411,"GP171","#A4FF73FF",0.154558031345305,0.113986355050883
"d","gdT",FALSE,"gdT.H",567,"GP171","#A4FF73FF",0.163577572818539,0.105576799159713
"d","gdT",FALSE,"gdT.I",3705,"GP171","#A4FF73FF",0.17201660568563,0.0945997652226131
"d","gdT",FALSE,"gdT.K",2112,"GP171","#A4FF73FF",0.190973749173422,0.13665830585052
"d","gdT",FALSE,"gdT.Q",945,"GP171","#A4FF73FF",0.198884178253866,0.0951151072512547
"d","gdT",FALSE,"gdT.R",1479,"GP171","#A4FF73FF",0.14122120873141,0.0461146339526209
"d","gdT",FALSE,"gdT.S",1526,"GP171","#A4FF73FF",0.20240886450702,0.0676862634849003
"d","gdT",FALSE,"gdT.T",218,"GP171","#A4FF73FF",0.156355550098456,0.0499552159744171
"d","gdT",FALSE,"gdT.U",1518,"GP171","#A4FF73FF",0.175333680730304,0.0762491422883549
"d","gdT",FALSE,"gdT.V",1883,"GP171","#A4FF73FF",0.197316380486486,0.0901570307883041
"d","gdT",FALSE,"gdT.Z",3331,"GP171","#A4FF73FF",0.0997518905757103,0.0326529424100118
"d","gdT",FALSE,"gdT.P",2313,"GP171","#A4FF73FF",0.140889747332401,0.0468950819734782
"d","gdT",FALSE,"gdT.A",2231,"GP174","#FFCE71FF",0.0428204044513315,0.0213099748067723
"d","gdT",FALSE,"gdT.B",5563,"GP174","#FFCE71FF",0.0601100532401442,0.0256351766354048
"d","gdT",FALSE,"gdT.C",1319,"GP174","#FFCE71FF",0.0431878803148606,0.0178262064558234
"d","gdT",FALSE,"gdT.D",4354,"GP174","#FFCE71FF",0.0658787503489112,0.0257280555586322
"d","gdT",FALSE,"gdT.E",636,"GP174","#FFCE71FF",0.0660049523918395,0.0243312845333064
"d","gdT",FALSE,"gdT.F",6349,"GP174","#FFCE71FF",0.0617927030497609,0.0287124526598118
"d","gdT",FALSE,"gdT.G",1411,"GP174","#FFCE71FF",0.0667585414255963,0.0492343409098959
"d","gdT",FALSE,"gdT.H",567,"GP174","#FFCE71FF",0.0671510009998172,0.0433408298202104
"d","gdT",FALSE,"gdT.I",3705,"GP174","#FFCE71FF",0.0637055698856338,0.035034594076153
"d","gdT",FALSE,"gdT.K",2112,"GP174","#FFCE71FF",0.0725554913614042,0.0519197563671306
"d","gdT",FALSE,"gdT.Q",945,"GP174","#FFCE71FF",0.0580879741870327,0.0277802082765743
"d","gdT",FALSE,"gdT.R",1479,"GP174","#FFCE71FF",0.0991071129377152,0.0323626194413622
"d","gdT",FALSE,"gdT.S",1526,"GP174","#FFCE71FF",0.112094808424814,0.0374849133056039
"d","gdT",FALSE,"gdT.T",218,"GP174","#FFCE71FF",0.205723084350857,0.0657280224667366
"d","gdT",FALSE,"gdT.U",1518,"GP174","#FFCE71FF",0.0550472957739038,0.0239389777855048
"d","gdT",FALSE,"gdT.V",1883,"GP174","#FFCE71FF",0.0636735136571166,0.0290934534529298
"d","gdT",FALSE,"gdT.Z",3331,"GP174","#FFCE71FF",0.0533954099187068,0.0174785383512226
"d","gdT",FALSE,"gdT.P",2313,"GP174","#FFCE71FF",0.0734828906547041,0.0244587434227586
"d","gdT",FALSE,"gdT.A",2231,"GP177","#470015FF",0.000158391084860662,7.88248049322918e-05
"d","gdT",FALSE,"gdT.B",5563,"GP177","#470015FF",8.18672899471474e-05,3.49140006593012e-05
"d","gdT",FALSE,"gdT.C",1319,"GP177","#470015FF",0.000316541857851172,0.000130655648502001
"d","gdT",FALSE,"gdT.D",4354,"GP177","#470015FF",0.000220556615126306,8.61354050849453e-05
"d","gdT",FALSE,"gdT.E",636,"GP177","#470015FF",0.00380370853414844,0.00140215410014558
"d","gdT",FALSE,"gdT.F",6349,"GP177","#470015FF",0.000486538973726859,0.000226074059894033
"d","gdT",FALSE,"gdT.G",1411,"GP177","#470015FF",0.00215026294031424,0.00158581623247921
"d","gdT",FALSE,"gdT.H",567,"GP177","#470015FF",0.00273428865221337,0.00176477397790741
"d","gdT",FALSE,"gdT.I",3705,"GP177","#470015FF",0.00103956838716411,0.000571705998770271
"d","gdT",FALSE,"gdT.K",2112,"GP177","#470015FF",0.000233386244149539,0.000167008130030107
"d","gdT",FALSE,"gdT.Q",945,"GP177","#470015FF",0.0124118995396243,0.00593591288290531
"d","gdT",FALSE,"gdT.R",1479,"GP177","#470015FF",0.206890947394671,0.067558551530045
"d","gdT",FALSE,"gdT.S",1526,"GP177","#470015FF",0.0991430977276327,0.0331538139490379
"d","gdT",FALSE,"gdT.T",218,"GP177","#470015FF",0.186928456612376,0.0597231848562815
"d","gdT",FALSE,"gdT.U",1518,"GP177","#470015FF",0.0565423834362695,0.0245891617742653
"d","gdT",FALSE,"gdT.V",1883,"GP177","#470015FF",0.0153402425833791,0.00700920379483897
"d","gdT",FALSE,"gdT.Z",3331,"GP177","#470015FF",0.104384012088348,0.0341692284284059
"d","gdT",FALSE,"gdT.P",2313,"GP177","#470015FF",0.0793343712816032,0.0264064058244609
"d","gdT",FALSE,"gdT.A",2231,"GP179","#D4ADC5FF",1.24328756975512e-09,6.1873368849581e-10
"d","gdT",FALSE,"gdT.B",5563,"GP179","#D4ADC5FF",2.1013999805182e-10,8.96185526021853e-11
"d","gdT",FALSE,"gdT.C",1319,"GP179","#D4ADC5FF",2.09289153813589e-10,8.63860795585718e-11
"d","gdT",FALSE,"gdT.D",4354,"GP179","#D4ADC5FF",4.0034543895816e-06,1.56349500280568e-06
"d","gdT",FALSE,"gdT.E",636,"GP179","#D4ADC5FF",2.51607007539396e-10,9.2749429689335e-11
"d","gdT",FALSE,"gdT.F",6349,"GP179","#D4ADC5FF",2.25650131562165e-07,1.04850061583186e-07
"d","gdT",FALSE,"gdT.G",1411,"GP179","#D4ADC5FF",2.1034483024204e-10,1.55129049551104e-10
"d","gdT",FALSE,"gdT.H",567,"GP179","#D4ADC5FF",2.12368039561187e-10,1.37067309866284e-10
"d","gdT",FALSE,"gdT.I",3705,"GP179","#D4ADC5FF",3.81446148679591e-06,2.09774608482312e-06
"d","gdT",FALSE,"gdT.K",2112,"GP179","#D4ADC5FF",2.86955325230344e-10,2.0534146064836e-10
"d","gdT",FALSE,"gdT.Q",945,"GP179","#D4ADC5FF",2.34814982280339e-10,1.12298788269055e-10
"d","gdT",FALSE,"gdT.R",1479,"GP179","#D4ADC5FF",6.03674402235204e-10,1.97124952659126e-10
"d","gdT",FALSE,"gdT.S",1526,"GP179","#D4ADC5FF",0.000604052453172485,0.00020199734633023
"d","gdT",FALSE,"gdT.T",218,"GP179","#D4ADC5FF",2.07919290459126e-10,6.6429704948707e-11
"d","gdT",FALSE,"gdT.U",1518,"GP179","#D4ADC5FF",2.17278367217839e-10,9.44900550149176e-11
"d","gdT",FALSE,"gdT.V",1883,"GP179","#D4ADC5FF",2.14434615399067e-10,9.79786279017822e-11
"d","gdT",FALSE,"gdT.Z",3331,"GP179","#D4ADC5FF",7.00145045325322e-06,2.29186591970516e-06
"d","gdT",FALSE,"gdT.P",2313,"GP179","#D4ADC5FF",0.00063793855308932,0.000212337528511457
"d","gdT",FALSE,"gdT.A",2231,"GP183","#FB766FFF",3.87087120158048e-10,1.92637526064692e-10
"d","gdT",FALSE,"gdT.B",5563,"GP183","#FB766FFF",8.60594357950821e-05,3.67018280442454e-05
"d","gdT",FALSE,"gdT.C",1319,"GP183","#FB766FFF",3.81031654905947e-10,1.57274422755596e-10
"d","gdT",FALSE,"gdT.D",4354,"GP183","#FB766FFF",0.000106304379580702,4.15157386789052e-05
"d","gdT",FALSE,"gdT.E",636,"GP183","#FB766FFF",0.000146345931451233,5.39472322818e-05
"d","gdT",FALSE,"gdT.F",6349,"GP183","#FB766FFF",0.000107491855969624,4.99469140127715e-05
"d","gdT",FALSE,"gdT.G",1411,"GP183","#FB766FFF",0.000130766560604345,9.64401750985585e-05
"d","gdT",FALSE,"gdT.H",567,"GP183","#FB766FFF",3.83324575411606e-10,2.47406664702794e-10
"d","gdT",FALSE,"gdT.I",3705,"GP183","#FB766FFF",3.84892102838423e-10,2.11669695605407e-10
"d","gdT",FALSE,"gdT.K",2112,"GP183","#FB766FFF",3.81422740303164e-10,2.72941101739378e-10
"d","gdT",FALSE,"gdT.Q",945,"GP183","#FB766FFF",3.78673653296028e-10,1.81098292798844e-10
"d","gdT",FALSE,"gdT.R",1479,"GP183","#FB766FFF",4.16912732364391e-10,1.36139452536033e-10
"d","gdT",FALSE,"gdT.S",1526,"GP183","#FB766FFF",0.000289864001207275,9.69315805821469e-05
"d","gdT",FALSE,"gdT.T",218,"GP183","#FB766FFF",4.08577355876918e-10,1.30539466250065e-10
"d","gdT",FALSE,"gdT.U",1518,"GP183","#FB766FFF",5.75963530185053e-06,2.50475122538124e-06
"d","gdT",FALSE,"gdT.V",1883,"GP183","#FB766FFF",3.92479144106805e-10,1.7933003935995e-10
"d","gdT",FALSE,"gdT.Z",3331,"GP183","#FB766FFF",0.00366641942474199,0.00120017156202352
"d","gdT",FALSE,"gdT.P",2313,"GP183","#FB766FFF",0.000821207838338121,0.000273338618496284
"d","gdT",FALSE,"gdT.A",2231,"GP187","#ABBC00FF",8.84789591298875e-10,4.40323816214844e-10
"d","gdT",FALSE,"gdT.B",5563,"GP187","#ABBC00FF",1.31647014607902e-06,5.61435948079221e-07
"d","gdT",FALSE,"gdT.C",1319,"GP187","#ABBC00FF",9.2745953117989e-10,3.82817701672314e-10
"d","gdT",FALSE,"gdT.D",4354,"GP187","#ABBC00FF",1.03151109972722e-09,4.02842718518056e-10
"d","gdT",FALSE,"gdT.E",636,"GP187","#ABBC00FF",0.000234013191787142,8.62638536593219e-05
"d","gdT",FALSE,"gdT.F",6349,"GP187","#ABBC00FF",1.29574040492383e-06,6.0207570149215e-07
"d","gdT",FALSE,"gdT.G",1411,"GP187","#ABBC00FF",1.71735788715244e-05,1.26654929653605e-05
"d","gdT",FALSE,"gdT.H",567,"GP187","#ABBC00FF",9.14632962322858e-10,5.90325549549108e-10
"d","gdT",FALSE,"gdT.I",3705,"GP187","#ABBC00FF",8.71055529670502e-10,4.79033104241587e-10
"d","gdT",FALSE,"gdT.K",2112,"GP187","#ABBC00FF",9.02130164334547e-10,6.45552493199774e-10
"d","gdT",FALSE,"gdT.Q",945,"GP187","#ABBC00FF",0.000248511915309363,0.000118849260335294
"d","gdT",FALSE,"gdT.R",1479,"GP187","#ABBC00FF",0.000131264738083785,4.28634296646838e-05
"d","gdT",FALSE,"gdT.S",1526,"GP187","#ABBC00FF",0.00108184436128102,0.0003617727052897
"d","gdT",FALSE,"gdT.T",218,"GP187","#ABBC00FF",1.17327458732122e-09,3.74858362047394e-10
"d","gdT",FALSE,"gdT.U",1518,"GP187","#ABBC00FF",3.0134053367167e-05,1.31047024926847e-05
"d","gdT",FALSE,"gdT.V",1883,"GP187","#ABBC00FF",1.03645857999181e-09,4.73574610869793e-10
"d","gdT",FALSE,"gdT.Z",3331,"GP187","#ABBC00FF",0.000515154458956965,0.000168631479398533
"d","gdT",FALSE,"gdT.P",2313,"GP187","#ABBC00FF",0.000497769303872331,0.000165682263975541
"d","gdT",FALSE,"gdT.A",2231,"GP197","#7500D7FF",0.000251068734336925,0.00012494670407817
"d","gdT",FALSE,"gdT.B",5563,"GP197","#7500D7FF",0.00164419625689888,0.000701201532803254
"d","gdT",FALSE,"gdT.C",1319,"GP197","#7500D7FF",0.00121300870887448,0.000500680828034706
"d","gdT",FALSE,"gdT.D",4354,"GP197","#7500D7FF",0.0062318855507876,0.00243377867425426
"d","gdT",FALSE,"gdT.E",636,"GP197","#7500D7FF",0.0128764827481425,0.00474663421728338
"d","gdT",FALSE,"gdT.F",6349,"GP197","#7500D7FF",0.00176428792566452,0.000819789894983664
"d","gdT",FALSE,"gdT.G",1411,"GP197","#7500D7FF",0.000190933757324164,0.000140813407521527
"d","gdT",FALSE,"gdT.H",567,"GP197","#7500D7FF",0.000226340900698817,0.000146085721917493
"d","gdT",FALSE,"gdT.I",3705,"GP197","#7500D7FF",0.0018065265383411,0.000993491213911127
"d","gdT",FALSE,"gdT.K",2112,"GP197","#7500D7FF",0.000139494964029509,9.98207635419093e-05
"d","gdT",FALSE,"gdT.Q",945,"GP197","#7500D7FF",0.000278352450821343,0.000133120308744353
"d","gdT",FALSE,"gdT.R",1479,"GP197","#7500D7FF",0.00313762161571143,0.00102456474909199
"d","gdT",FALSE,"gdT.S",1526,"GP197","#7500D7FF",0.000966642664625509,0.000323248837213446
"d","gdT",FALSE,"gdT.T",218,"GP197","#7500D7FF",0.000876924426360794,0.000280175210182883
"d","gdT",FALSE,"gdT.U",1518,"GP197","#7500D7FF",0.000117439521276295,5.10721199188557e-05
"d","gdT",FALSE,"gdT.V",1883,"GP197","#7500D7FF",0.000164120107223568,7.49891191164864e-05
"d","gdT",FALSE,"gdT.Z",3331,"GP197","#7500D7FF",0.0216143987100587,0.00707529162839183
"d","gdT",FALSE,"gdT.P",2313,"GP197","#7500D7FF",0.0088432153112277,0.00294345979591213
"e","CD8aa",FALSE,"CD8aa.A",8296,"GP1","#0000FFFF",0.385975090163812,0.302926171940976
"e","CD8aa",FALSE,"CD8aa.B",1678,"GP1","#0000FFFF",0.36915027786447,0.378090119284622
"e","CD8aa",FALSE,"CD8aa.C",2465,"GP1","#0000FFFF",0.505571512055661,0.295487861540804
"e","CD8aa",FALSE,"CD8aa.D",1350,"GP1","#0000FFFF",0.462970902531595,0.262853187735463
"e","CD8aa",FALSE,"CD8aa.E",1138,"GP1","#0000FFFF",0.455260040872926,0.310376597874653
"e","CD8aa",FALSE,"CD8aa.P",503,"GP1","#0000FFFF",0.455024786047718,0.373885225186025
"e","CD8aa",FALSE,"CD8aa.A",8296,"GP2","#FF0000FF",0.00919172521657565,0.00721397365878939
"e","CD8aa",FALSE,"CD8aa.B",1678,"GP2","#FF0000FF",0.00838858902324411,0.00859173841822889
"e","CD8aa",FALSE,"CD8aa.C",2465,"GP2","#FF0000FF",0.00764675155528697,0.00446924363997154
"e","CD8aa",FALSE,"CD8aa.D",1350,"GP2","#FF0000FF",0.0495909280279638,0.0281554055419728
"e","CD8aa",FALSE,"CD8aa.E",1138,"GP2","#FF0000FF",0.00667868905838011,0.00455324122940385
"e","CD8aa",FALSE,"CD8aa.P",503,"GP2","#FF0000FF",0.00991490418139262,0.0081468884689923
"e","CD8aa",FALSE,"CD8aa.A",8296,"GP3","#00FF00FF",0.0768806017774732,0.060338469985419
"e","CD8aa",FALSE,"CD8aa.B",1678,"GP3","#00FF00FF",0.00319281722850878,0.00327013880028578
"e","CD8aa",FALSE,"CD8aa.C",2465,"GP3","#00FF00FF",0.401242161657327,0.234511212520771
"e","CD8aa",FALSE,"CD8aa.D",1350,"GP3","#00FF00FF",0.387529532160755,0.220021112154312
"e","CD8aa",FALSE,"CD8aa.E",1138,"GP3","#00FF00FF",0.143314070769166,0.0977053325998295
"e","CD8aa",FALSE,"CD8aa.P",503,"GP3","#00FF00FF",0.127199654839316,0.104517540695453
"e","CD8aa",FALSE,"CD8aa.A",8296,"GP22","#000033FF",0.108198482516903,0.0849177912096805
"e","CD8aa",FALSE,"CD8aa.B",1678,"GP22","#000033FF",0.185879343280639,0.190380848363674
"e","CD8aa",FALSE,"CD8aa.C",2465,"GP22","#000033FF",0.0222054738671728,0.0129782787025166
"e","CD8aa",FALSE,"CD8aa.D",1350,"GP22","#000033FF",0.0169671799641101,0.0096331698516264
"e","CD8aa",FALSE,"CD8aa.E",1138,"GP22","#000033FF",0.273452586557332,0.186428141887768
"e","CD8aa",FALSE,"CD8aa.P",503,"GP22","#000033FF",0.089562015108448,0.0735914069160721
"e","CD8aa",FALSE,"CD8aa.A",8296,"GP29","#FF00B6FF",0.462285303878916,0.362816982280326
"e","CD8aa",FALSE,"CD8aa.B",1678,"GP29","#FF00B6FF",0.183290178459702,0.187728980832493
"e","CD8aa",FALSE,"CD8aa.C",2465,"GP29","#FF00B6FF",0.144897044671654,0.0846869668338741
"e","CD8aa",FALSE,"CD8aa.D",1350,"GP29","#FF00B6FF",0.124536299799527,0.070705876356562
"e","CD8aa",FALSE,"CD8aa.E",1138,"GP29","#FF00B6FF",0.186889355057498,0.127413076031255
"e","CD8aa",FALSE,"CD8aa.P",503,"GP29","#FF00B6FF",0.23300347405178,0.191454529590922
"e","CD8aa",FALSE,"CD8aa.A",8296,"GP62","#005300FF",0.0157526078159146,0.0123631739595871
"e","CD8aa",FALSE,"CD8aa.B",1678,"GP62","#005300FF",0.00104161862162676,0.00106684386417971
"e","CD8aa",FALSE,"CD8aa.C",2465,"GP62","#005300FF",0.492977303272008,0.288127012021912
"e","CD8aa",FALSE,"CD8aa.D",1350,"GP62","#005300FF",0.487198134805754,0.276608275146892
"e","CD8aa",FALSE,"CD8aa.E",1138,"GP62","#005300FF",0.205079779823053,0.139814520581061
"e","CD8aa",FALSE,"CD8aa.P",503,"GP62","#005300FF",0.0918714250241122,0.0754890051850912
"e","CD8aa",FALSE,"CD8aa.A",8296,"GP121","#FFD300FF",0.0492378694085802,0.0386435282342718
"e","CD8aa",FALSE,"CD8aa.B",1678,"GP121","#FFD300FF",0.0314611274947558,0.0322230326254504
"e","CD8aa",FALSE,"CD8aa.C",2465,"GP121","#FFD300FF",0.0674750876799861,0.0394366946918524
"e","CD8aa",FALSE,"CD8aa.D",1350,"GP121","#FFD300FF",0.169460709770977,0.096211851577812
"e","CD8aa",FALSE,"CD8aa.E",1138,"GP121","#FFD300FF",0.0320844620280519,0.0218737979942431
"e","CD8aa",FALSE,"CD8aa.P",503,"GP121","#FFD300FF",0.03823385781372,0.031416034855108
"e","CD8aa",FALSE,"CD8aa.A",8296,"GP127","#009FFFFF",0.0364929390695105,0.0286408802456925
"e","CD8aa",FALSE,"CD8aa.B",1678,"GP127","#009FFFFF",0.0640750532700199,0.0656267812506557
"e","CD8aa",FALSE,"CD8aa.C",2465,"GP127","#009FFFFF",0.00744522841713625,0.00435146081454883
"e","CD8aa",FALSE,"CD8aa.D",1350,"GP127","#009FFFFF",0.00564239049983872,0.00320348497329092
"e","CD8aa",FALSE,"CD8aa.E",1138,"GP127","#009FFFFF",0.0783063464279372,0.0533858788697889
"e","CD8aa",FALSE,"CD8aa.P",503,"GP127","#009FFFFF",0.0318870901522395,0.0262010164009987
"e","CD8aa",FALSE,"CD8aa.A",8296,"GP171","#9A4D42FF",0.130141019101257,0.102139028485257
"e","CD8aa",FALSE,"CD8aa.B",1678,"GP171","#9A4D42FF",0.129876257790442,0.13302151656041
"e","CD8aa",FALSE,"CD8aa.C",2465,"GP171","#9A4D42FF",0.0615116216688214,0.0359512692337496
"e","CD8aa",FALSE,"CD8aa.D",1350,"GP171","#9A4D42FF",0.057432771140877,0.0326076366620699
"e","CD8aa",FALSE,"CD8aa.E",1138,"GP171","#9A4D42FF",0.0857335324332871,0.0584494129319979
"e","CD8aa",FALSE,"CD8aa.P",503,"GP171","#9A4D42FF",0.140320089523402,0.115298352701338
"f","Tz",FALSE,"Tz.A",6663,"GP2","#0000FFFF",0.0138517822034641,0.0284384115505775
"f","Tz",FALSE,"Tz.B",846,"GP2","#0000FFFF",0.00958687331925122,0.0301378830912164
"f","Tz",FALSE,"Tz.C",1939,"GP2","#0000FFFF",0.0161711653735914,0.0619712247809384
"f","Tz",FALSE,"Tz.D",1565,"GP2","#0000FFFF",0.0181873055669365,0.0181937850365506
"f","Tz",FALSE,"Tz.P",228,"GP2","#0000FFFF",0.031004023357825,0.0337076850142639
"f","Tz",FALSE,"Tz.A",6663,"GP5","#FF0000FF",0.000439488360845527,0.000902291899614777
"f","Tz",FALSE,"Tz.B",846,"GP5","#FF0000FF",0.000324747922910228,0.00102089749273418
"f","Tz",FALSE,"Tz.C",1939,"GP5","#FF0000FF",0.000363461122529898,0.00139285762052845
"f","Tz",FALSE,"Tz.D",1565,"GP5","#FF0000FF",0.000369353426775362,0.000369485013848381
"f","Tz",FALSE,"Tz.P",228,"GP5","#FF0000FF",0.193543806466763,0.210421518186502
"f","Tz",FALSE,"Tz.A",6663,"GP6","#00FF00FF",0.0174712800621248,0.035869424267864
"f","Tz",FALSE,"Tz.B",846,"GP6","#00FF00FF",0.00544024437232548,0.0171022859508901
"f","Tz",FALSE,"Tz.C",1939,"GP6","#00FF00FF",0.00555246313947455,0.0212781783721153
"f","Tz",FALSE,"Tz.D",1565,"GP6","#00FF00FF",0.245754453996205,0.245842007290526
"f","Tz",FALSE,"Tz.P",228,"GP6","#00FF00FF",0.0398678001618556,0.0433444148379626
"f","Tz",FALSE,"Tz.A",6663,"GP13","#000033FF",0.00208220332687671,0.00427486905814132
"f","Tz",FALSE,"Tz.B",846,"GP13","#000033FF",0.000588871098119344,0.00185121130945571
"f","Tz",FALSE,"Tz.C",1939,"GP13","#000033FF",0.00320107490839392,0.012267176057247
"f","Tz",FALSE,"Tz.D",1565,"GP13","#000033FF",0.184109165500163,0.184174756840186
"f","Tz",FALSE,"Tz.P",228,"GP13","#000033FF",0.0244028171815224,0.02653083006428
"f","Tz",FALSE,"Tz.A",6663,"GP21","#FF00B6FF",0.00141677904037076,0.00290871924164528
"f","Tz",FALSE,"Tz.B",846,"GP21","#FF00B6FF",0.00130759380594624,0.00411063210517987
"f","Tz",FALSE,"Tz.C",1939,"GP21","#FF00B6FF",0.00118040993411434,0.0045235731421134
"f","Tz",FALSE,"Tz.D",1565,"GP21","#FF00B6FF",0.00158134768371623,0.00158191105987046
"f","Tz",FALSE,"Tz.P",228,"GP21","#FF00B6FF",0.273997499616335,0.297891060949427
"f","Tz",FALSE,"Tz.A",6663,"GP30","#005300FF",0.413801706804618,0.849555895810877
"f","Tz",FALSE,"Tz.B",846,"GP30","#005300FF",0.268438683463647,0.843880313213455
"f","Tz",FALSE,"Tz.C",1939,"GP30","#005300FF",0.186334607830998,0.714072461668128
"f","Tz",FALSE,"Tz.D",1565,"GP30","#005300FF",0.151566016014499,0.151620013424489
"f","Tz",FALSE,"Tz.P",228,"GP30","#005300FF",0.281265071140317,0.30579239068724
"f","Tz",FALSE,"Tz.A",6663,"GP44","#FFD300FF",0.00283761802270839,0.00582577375010532
"f","Tz",FALSE,"Tz.B",846,"GP44","#FFD300FF",0.00260165415302284,0.00817871959882163
"f","Tz",FALSE,"Tz.C",1939,"GP44","#FFD300FF",0.00311647667883049,0.0119429782780995
"f","Tz",FALSE,"Tz.D",1565,"GP44","#FFD300FF",0.00330398181013405,0.00330515889761772
"f","Tz",FALSE,"Tz.P",228,"GP44","#FFD300FF",0.00425058567816944,0.00462125194244235
"f","Tz",FALSE,"Tz.A",6663,"GP121","#009FFFFF",0.0285283893420981,0.0585702305355913
"f","Tz",FALSE,"Tz.B",846,"GP121","#009FFFFF",0.0283457328830881,0.0891093848137009
"f","Tz",FALSE,"Tz.C",1939,"GP121","#009FFFFF",0.0370379838262713,0.141937155925632
"f","Tz",FALSE,"Tz.D",1565,"GP121","#009FFFFF",0.0278633127225857,0.027873239398501
"f","Tz",FALSE,"Tz.P",228,"GP121","#009FFFFF",0.0332307904501331,0.0361286341562954
"f","Tz",FALSE,"Tz.A",6663,"GP151","#9A4D42FF",0.00584974897668119,0.0120098314009605
"f","Tz",FALSE,"Tz.B",846,"GP151","#9A4D42FF",0.00122507485107812,0.00385122045637559
"f","Tz",FALSE,"Tz.C",1939,"GP151","#9A4D42FF",0.0067093466622109,0.0257115934771231
"f","Tz",FALSE,"Tz.D",1565,"GP151","#9A4D42FF",0.278508633375688,0.27860785578225
"f","Tz",FALSE,"Tz.P",228,"GP151","#9A4D42FF",0.0254378695330668,0.027656142680532
"f","Tz",FALSE,"Tz.A",6663,"GP162","#00FFBEFF",0.000801028665002823,0.00164455248462274
"f","Tz",FALSE,"Tz.B",846,"GP162","#00FFBEFF",0.000240945790462138,0.000757451968170558
"f","Tz",FALSE,"Tz.C",1939,"GP162","#00FFBEFF",0.00127936797827002,0.00490280067807495
"f","Tz",FALSE,"Tz.D",1565,"GP162","#00FFBEFF",0.088400293475329,0.0884317872561612
"f","Tz",FALSE,"Tz.P",228,"GP162","#00FFBEFF",0.0127906785895191,0.0139060714810545
"g","DN",FALSE,"DN.A",579,"GP2","#0000FFFF",0.0233559156819169,0.0291915118560319
"g","DN",FALSE,"DN.B",3462,"GP2","#0000FFFF",0.015941063240353,0.0148920037613463
"g","DN",FALSE,"DN.C",1757,"GP2","#0000FFFF",0.00478406403065768,0.00551294283234154
"g","DN",FALSE,"DN.D",1680,"GP2","#0000FFFF",0.00880997251152353,0.00785279791761572
"g","DN",FALSE,"DN.E",1946,"GP2","#0000FFFF",0.00792404615009798,0.00690600289390515
"g","DN",FALSE,"DN.H",504,"GP2","#0000FFFF",0.00641704170221368,0.00692496522436634
"g","DN",FALSE,"DN.I",232,"GP2","#0000FFFF",0.00575308358992654,0.00504296707388049
"g","DN",FALSE,"DN.J",107,"GP2","#0000FFFF",0.0115840593378321,0.0107855521033425
"g","DN",FALSE,"DN.P",320,"GP2","#0000FFFF",0.0121676612895035,0.00810151764730105
"g","DN",FALSE,"DN.A",579,"GP5","#FF0000FF",0.000522542285092621,0.000653102174125819
"g","DN",FALSE,"DN.B",3462,"GP5","#FF0000FF",0.00195678422020705,0.00182801093804715
"g","DN",FALSE,"DN.C",1757,"GP5","#FF0000FF",0.000246952019044544,0.000284576534636542
"g","DN",FALSE,"DN.D",1680,"GP5","#FF0000FF",0.000554863626979442,0.000494579515294238
"g","DN",FALSE,"DN.E",1946,"GP5","#FF0000FF",9.48995986691396e-05,8.27073556394433e-05
"g","DN",FALSE,"DN.H",504,"GP5","#FF0000FF",0.0072605806490645,0.00783527220746191
"g","DN",FALSE,"DN.I",232,"GP5","#FF0000FF",0.000277358033522777,0.000243123085014912
"g","DN",FALSE,"DN.J",107,"GP5","#FF0000FF",0.000544171561319246,0.000506660968888334
"g","DN",FALSE,"DN.P",320,"GP5","#FF0000FF",0.257501498737989,0.171450608839015
"g","DN",FALSE,"DN.A",579,"GP10","#00FF00FF",0.000714953010558389,0.000893587713213905
"g","DN",FALSE,"DN.B",3462,"GP10","#00FF00FF",0.00136825702299937,0.00127821390742717
"g","DN",FALSE,"DN.C",1757,"GP10","#00FF00FF",0.00343599399251001,0.00395948681530765
"g","DN",FALSE,"DN.D",1680,"GP10","#00FF00FF",0.00420995817212576,0.00375256003626297
"g","DN",FALSE,"DN.E",1946,"GP10","#00FF00FF",0.000914045802287014,0.00079661360322566
"g","DN",FALSE,"DN.H",504,"GP10","#00FF00FF",0.00509536105811217,0.0054986705354969
"g","DN",FALSE,"DN.I",232,"GP10","#00FF00FF",0.00274817900460372,0.00240896486496612
"g","DN",FALSE,"DN.J",107,"GP10","#00FF00FF",0.00302611191150434,0.00281751730893529
"g","DN",FALSE,"DN.P",320,"GP10","#00FF00FF",0.0285814410812909,0.0190302017615434
"g","DN",FALSE,"DN.A",579,"GP12","#000033FF",0.102760881011204,0.12843621792561
"g","DN",FALSE,"DN.B",3462,"GP12","#000033FF",0.0361893026054286,0.0338077343019567
"g","DN",FALSE,"DN.C",1757,"GP12","#000033FF",0.0280946046311972,0.0323749741300464
"g","DN",FALSE,"DN.D",1680,"GP12","#000033FF",0.031636273291407,0.0281990960470002
"g","DN",FALSE,"DN.E",1946,"GP12","#000033FF",0.0298684023733753,0.0260310539993892
"g","DN",FALSE,"DN.H",504,"GP12","#000033FF",0.0424758951908031,0.045837959408721
"g","DN",FALSE,"DN.I",232,"GP12","#000033FF",0.0284744593259801,0.024959790446796
"g","DN",FALSE,"DN.J",107,"GP12","#000033FF",0.0476457576295434,0.0443614614212465
"g","DN",FALSE,"DN.P",320,"GP12","#000033FF",0.0428728084406387,0.0285457333095574
"g","DN",FALSE,"DN.A",579,"GP16","#FF00B6FF",0.00845063870561736,0.0105620744365448
"g","DN",FALSE,"DN.B",3462,"GP16","#FF00B6FF",0.0038930845529043,0.00363688600508973
"g","DN",FALSE,"DN.C",1757,"GP16","#FF00B6FF",0.00310645471255666,0.00357974039056257
"g","DN",FALSE,"DN.D",1680,"GP16","#FF00B6FF",0.00316530173098272,0.00282140208827826
"g","DN",FALSE,"DN.E",1946,"GP16","#FF00B6FF",0.00267004959084815,0.0023270144888088
"g","DN",FALSE,"DN.H",504,"GP16","#FF00B6FF",0.0258206419486216,0.027864404793152
"g","DN",FALSE,"DN.I",232,"GP16","#FF00B6FF",0.189331067807344,0.165961492839575
"g","DN",FALSE,"DN.J",107,"GP16","#FF00B6FF",0.268512947926685,0.250003932630695
"g","DN",FALSE,"DN.P",320,"GP16","#FF00B6FF",0.00320281173266594,0.00213250806016107
"g","DN",FALSE,"DN.A",579,"GP21","#005300FF",0.00033808970512508,0.000422563164295131
"g","DN",FALSE,"DN.B",3462,"GP21","#005300FF",0.00333344977905573,0.00311408002712733
"g","DN",FALSE,"DN.C",1757,"GP21","#005300FF",0.00131421676691388,0.00151444501136933
"g","DN",FALSE,"DN.D",1680,"GP21","#005300FF",0.00156086436937359,0.00139128157930856
"g","DN",FALSE,"DN.E",1946,"GP21","#005300FF",0.000585059238059486,0.000509893647085182
"g","DN",FALSE,"DN.H",504,"GP21","#005300FF",0.0158896084019489,0.0171473072357215
"g","DN",FALSE,"DN.I",232,"GP21","#005300FF",0.00171004461613393,0.00149896982361421
"g","DN",FALSE,"DN.J",107,"GP21","#005300FF",0.00476129754683255,0.00443309389854091
"g","DN",FALSE,"DN.P",320,"GP21","#005300FF",0.298682300060636,0.198869763655005
"g","DN",FALSE,"DN.A",579,"GP22","#FFD300FF",0.0040599137718192,0.00507430419849847
"g","DN",FALSE,"DN.B",3462,"GP22","#FFD300FF",0.153600589468244,0.14349234562446
"g","DN",FALSE,"DN.C",1757,"GP22","#FFD300FF",0.179707011507289,0.207086375655058
"g","DN",FALSE,"DN.D",1680,"GP22","#FFD300FF",0.277674854897297,0.247506393403566
"g","DN",FALSE,"DN.E",1946,"GP22","#FFD300FF",0.240209333390356,0.2093483960232
"g","DN",FALSE,"DN.H",504,"GP22","#FFD300FF",0.128947884258471,0.13915440411389
"g","DN",FALSE,"DN.I",232,"GP22","#FFD300FF",0.188399667894114,0.165145057788421
"g","DN",FALSE,"DN.J",107,"GP22","#FFD300FF",0.0367547194776471,0.03422115947518
"g","DN",FALSE,"DN.P",320,"GP22","#FFD300FF",0.124434717080984,0.0828515876948482
"g","DN",FALSE,"DN.A",579,"GP29","#009FFFFF",0.073075944653041,0.0913343468858977
"g","DN",FALSE,"DN.B",3462,"GP29","#009FFFFF",0.177329422827711,0.165659617048804
"g","DN",FALSE,"DN.C",1757,"GP29","#009FFFFF",0.104250266465952,0.120133375222438
"g","DN",FALSE,"DN.D",1680,"GP29","#009FFFFF",0.143595428978568,0.127994256984013
"g","DN",FALSE,"DN.E",1946,"GP29","#009FFFFF",0.213737905726333,0.18627788979561
"g","DN",FALSE,"DN.H",504,"GP29","#009FFFFF",0.168396210546861,0.181725155619575
"g","DN",FALSE,"DN.I",232,"GP29","#009FFFFF",0.156152126174499,0.136877905301648
"g","DN",FALSE,"DN.J",107,"GP29","#009FFFFF",0.0862845929242353,0.0803368616785936
"g","DN",FALSE,"DN.P",320,"GP29","#009FFFFF",0.201171973945397,0.133945074429955
"g","DN",FALSE,"DN.A",579,"GP30","#9A4D42FF",0.0392217976943613,0.0490215664417857
"g","DN",FALSE,"DN.B",3462,"GP30","#9A4D42FF",0.0582342337603567,0.0544019188132366
"g","DN",FALSE,"DN.C",1757,"GP30","#9A4D42FF",0.0971364046828814,0.111935676973433
"g","DN",FALSE,"DN.D",1680,"GP30","#9A4D42FF",0.140489990436271,0.125226214145476
"g","DN",FALSE,"DN.E",1946,"GP30","#9A4D42FF",0.0955122904304618,0.0832413317163886
"g","DN",FALSE,"DN.H",504,"GP30","#9A4D42FF",0.0771149580826641,0.0832187833245182
"g","DN",FALSE,"DN.I",232,"GP30","#9A4D42FF",0.111580956548976,0.0978082590237074
"g","DN",FALSE,"DN.J",107,"GP30","#9A4D42FF",0.373806001286156,0.34803897199032
"g","DN",FALSE,"DN.P",320,"GP30","#9A4D42FF",0.0664106719783621,0.0442178014493183
"g","DN",FALSE,"DN.A",579,"GP44","#00FFBEFF",0.00650938449286698,0.00813578783152214
"g","DN",FALSE,"DN.B",3462,"GP44","#00FFBEFF",0.00296171809993653,0.00276681149928903
"g","DN",FALSE,"DN.C",1757,"GP44","#00FFBEFF",0.0026468991234411,0.0030501689477805
"g","DN",FALSE,"DN.D",1680,"GP44","#00FFBEFF",0.00268666461147455,0.0023947673206384
"g","DN",FALSE,"DN.E",1946,"GP44","#00FFBEFF",0.00269235947975497,0.00234645811072048
"g","DN",FALSE,"DN.H",504,"GP44","#00FFBEFF",0.00293278357550493,0.00316492010079322
"g","DN",FALSE,"DN.I",232,"GP44","#00FFBEFF",0.0026291139952451,0.00230459632721393
"g","DN",FALSE,"DN.J",107,"GP44","#00FFBEFF",0.00717224368436062,0.00667784976747344
"g","DN",FALSE,"DN.P",320,"GP44","#00FFBEFF",0.00425040965912113,0.00283002362100053
"g","DN",FALSE,"DN.A",579,"GP63","#783FC1FF",0.0490128405118367,0.0612589518811645
"g","DN",FALSE,"DN.B",3462,"GP63","#783FC1FF",0.130498264628316,0.121910353054406
"g","DN",FALSE,"DN.C",1757,"GP63","#783FC1FF",0.0456695637183539,0.0526275761243631
"g","DN",FALSE,"DN.D",1680,"GP63","#783FC1FF",0.0493298168669999,0.0439702941936367
"g","DN",FALSE,"DN.E",1946,"GP63","#783FC1FF",0.25179375712495,0.219444508832228
"g","DN",FALSE,"DN.H",504,"GP63","#783FC1FF",0.157259737135394,0.169707204876028
"g","DN",FALSE,"DN.I",232,"GP63","#783FC1FF",0.0841447957331626,0.0737586074820367
"g","DN",FALSE,"DN.J",107,"GP63","#783FC1FF",0.0688351600652958,0.0640902453772402
"g","DN",FALSE,"DN.P",320,"GP63","#783FC1FF",0.0777073060819288,0.0517393685251621
"g","DN",FALSE,"DN.A",579,"GP80","#1F9698FF",0.241941639949989,0.302392008399658
"g","DN",FALSE,"DN.B",3462,"GP80","#1F9698FF",0.287733327404241,0.268797992289614
"g","DN",FALSE,"DN.C",1757,"GP80","#1F9698FF",0.269140958097644,0.31014608214388
"g","DN",FALSE,"DN.D",1680,"GP80","#1F9698FF",0.296227155983881,0.264043047876568
"g","DN",FALSE,"DN.E",1946,"GP80","#1F9698FF",0.12013285795039,0.104698767390221
"g","DN",FALSE,"DN.H",504,"GP80","#1F9698FF",0.131018751127397,0.14138918483016
"g","DN",FALSE,"DN.I",232,"GP80","#1F9698FF",0.228507570954126,0.200302348895435
"g","DN",FALSE,"DN.J",107,"GP80","#1F9698FF",0.0819590263235143,0.0763094631140688
"g","DN",FALSE,"DN.P",320,"GP80","#1F9698FF",0.183811468424534,0.122386037857769
"g","DN",FALSE,"DN.A",579,"GP101","#FFACFDFF",0.159165925068776,0.198934353591575
"g","DN",FALSE,"DN.B",3462,"GP101","#FFACFDFF",0.0820384777658323,0.0766396382125417
"g","DN",FALSE,"DN.C",1757,"GP101","#FFACFDFF",0.0434565515765693,0.0500773992565884
"g","DN",FALSE,"DN.D",1680,"GP101","#FFACFDFF",0.0426391329911824,0.0380065311581991
"g","DN",FALSE,"DN.E",1946,"GP101","#FFACFDFF",0.0455742936190399,0.0397191280387584
"g","DN",FALSE,"DN.H",504,"GP101","#FFACFDFF",0.064956618551626,0.0700980834217214
"g","DN",FALSE,"DN.I",232,"GP101","#FFACFDFF",0.0483460912210691,0.0423786205028505
"g","DN",FALSE,"DN.J",107,"GP101","#FFACFDFF",0.0423486850394263,0.0394295242867992
"g","DN",FALSE,"DN.P",320,"GP101","#FFACFDFF",0.0704776121907852,0.0469256667586434
"g","DN",FALSE,"DN.A",579,"GP117","#B1CC71FF",0.000871609242107214,0.00108938531339618
"g","DN",FALSE,"DN.B",3462,"GP117","#B1CC71FF",0.0256849360638205,0.0239946456961603
"g","DN",FALSE,"DN.C",1757,"GP117","#B1CC71FF",0.000580074768584682,0.00066845239051942
"g","DN",FALSE,"DN.D",1680,"GP117","#B1CC71FF",0.00360420061296268,0.00321261604745327
"g","DN",FALSE,"DN.E",1946,"GP117","#B1CC71FF",0.00746660127298901,0.00650732832976501
"g","DN",FALSE,"DN.H",504,"GP117","#B1CC71FF",0.0176208157628139,0.0190155436172962
"g","DN",FALSE,"DN.I",232,"GP117","#B1CC71FF",0.00664027686342153,0.00582065201387292
"g","DN",FALSE,"DN.J",107,"GP117","#B1CC71FF",1.42852515428099e-09,1.33005469266842e-09
"g","DN",FALSE,"DN.P",320,"GP117","#B1CC71FF",0.0465569499155562,0.0309987221349404
"g","DN",FALSE,"DN.A",579,"GP121","#F1085CFF",0.0202624628674711,0.0253251438771954
"g","DN",FALSE,"DN.B",3462,"GP121","#F1085CFF",0.0372877363307775,0.0348338816123869
"g","DN",FALSE,"DN.C",1757,"GP121","#F1085CFF",0.02253748093201,0.0259711916828333
"g","DN",FALSE,"DN.D",1680,"GP121","#F1085CFF",0.0292852123185847,0.0261034701313213
"g","DN",FALSE,"DN.E",1946,"GP121","#F1085CFF",0.0489360673974166,0.0426489973255289
"g","DN",FALSE,"DN.H",504,"GP121","#F1085CFF",0.0319414442460846,0.034469682586583
"g","DN",FALSE,"DN.I",232,"GP121","#F1085CFF",0.0254045503762395,0.0222688075136676
"g","DN",FALSE,"DN.J",107,"GP121","#F1085CFF",0.0285167311055954,0.0265510284595941
"g","DN",FALSE,"DN.P",320,"GP121","#F1085CFF",0.037305119461514,0.0248386338558626
"g","DN",FALSE,"DN.A",579,"GP122","#FE8F42FF",0.0685282367997991,0.0856503707351162
"g","DN",FALSE,"DN.B",3462,"GP122","#FE8F42FF",0.000129365634546645,0.0001208522598029
"g","DN",FALSE,"DN.C",1757,"GP122","#FE8F42FF",9.9982573641454e-05,0.000115215475625634
"g","DN",FALSE,"DN.D",1680,"GP122","#FE8F42FF",0.000289256535613049,0.000257829762527383
"g","DN",FALSE,"DN.E",1946,"GP122","#FE8F42FF",3.20959657635778e-10,2.79724307818687e-10
"g","DN",FALSE,"DN.H",504,"GP122","#FE8F42FF",3.21742348444162e-10,3.47208990930069e-10
"g","DN",FALSE,"DN.I",232,"GP122","#FE8F42FF",3.20875091181227e-10,2.81268730822663e-10
"g","DN",FALSE,"DN.J",107,"GP122","#FE8F42FF",3.20427195738082e-10,2.9833965056396e-10
"g","DN",FALSE,"DN.P",320,"GP122","#FE8F42FF",0.000371177122256571,0.000247138536707142
"g","DN",FALSE,"DN.A",579,"GP127","#DD00FFFF",0.00129992947938278,0.00162472357436997
"g","DN",FALSE,"DN.B",3462,"GP127","#DD00FFFF",0.0522644677959525,0.0488250149483037
"g","DN",FALSE,"DN.C",1757,"GP127","#DD00FFFF",0.0615802294609828,0.0709623204132161
"g","DN",FALSE,"DN.D",1680,"GP127","#DD00FFFF",0.0861306771321184,0.0767728617928418
"g","DN",FALSE,"DN.E",1946,"GP127","#DD00FFFF",0.079302283298271,0.0691139081698021
"g","DN",FALSE,"DN.H",504,"GP127","#DD00FFFF",0.0435049421220482,0.0469484577573067
"g","DN",FALSE,"DN.I",232,"GP127","#DD00FFFF",0.0607138942013822,0.0532198367360318
"g","DN",FALSE,"DN.J",107,"GP127","#DD00FFFF",0.0122833890074314,0.0114366758906873
"g","DN",FALSE,"DN.P",320,"GP127","#DD00FFFF",0.0463930773070634,0.0308896118632106
